RA,Nome Anonimizado,Fase,Pedra_Atual,Probabilidade_Risco (%),Alerta_Risco
RA-1346,Aluno-1346,ALFA,Ametista,94.98,Sim
RA-1377,Aluno-1377,ALFA,Ametista,94.3,Sim
RA-1358,Aluno-1358,ALFA,Agata,93.49,Sim
RA-882,Aluno-882,ALFA,Agata,93.45,Sim
RA-1011,Aluno-1011,ALFA,Ametista,93.41,Sim
RA-572,Aluno-572,1,Ametista,92.83,Sim
RA-1302,Aluno-1302,ALFA,Quartzo,92.72,Sim
RA-589,Aluno-589,1,Ametista,92.35,Sim
RA-641,Aluno-641,1,Ametista,91.93,Sim
RA-1359,Aluno-1359,ALFA,Ametista,91.85,Sim
RA-356,Aluno-356,4B,Agata,91.72,Sim
RA-881,Aluno-881,ALFA,Ametista,91.53,Sim
RA-948,Aluno-948,ALFA,Agata,91.47,Sim
RA-532,Aluno-532,1,Ametista,91.23,Sim
RA-1356,Aluno-1356,ALFA,Ametista,91.12,Sim
RA-1275,Aluno-1275,ALFA,Ametista,90.97,Sim
RA-1187,Aluno-1187,FASE 4,Agata,90.92,Sim
RA-1372,Aluno-1372,ALFA,Ametista,90.87,Sim
RA-906,Aluno-906,ALFA,Topázio,90.78,Sim
RA-917,Aluno-917,ALFA,Quartzo,90.77,Sim
RA-1326,Aluno-1326,ALFA,Ametista,90.71,Sim
RA-1619,Aluno-1619,5M,Ametista,90.52,Sim
RA-1298,Aluno-1298,ALFA,Ametista,90.19,Sim
RA-1360,Aluno-1360,ALFA,Agata,90.15,Sim
RA-1329,Aluno-1329,ALFA,Ametista,90.11,Sim
RA-367,Aluno-367,4B,Ametista,89.99,Sim
RA-1148,Aluno-1148,FASE 3,Ametista,89.82,Sim
RA-914,Aluno-914,ALFA,Topázio,89.71,Sim
RA-724,Aluno-724,0,Ágata,89.24,Sim
RA-1307,Aluno-1307,ALFA,Agata,89.13,Sim
RA-723,Aluno-723,0,Ametista,89.13,Sim
RA-1380,Aluno-1380,ALFA,Ametista,88.66,Sim
RA-1383,Aluno-1383,ALFA,Topázio,88.65,Sim
RA-1313,Aluno-1313,ALFA,Topázio,88.63,Sim
RA-1005,Aluno-1005,ALFA,Topázio,88.48,Sim
RA-1625,Aluno-1625,6A,Agata,88.45,Sim
RA-1191,Aluno-1191,FASE 4,Agata,88.27,Sim
RA-1628,Aluno-1628,6A,Ametista,88.23,Sim
RA-493,Aluno-493,3B,Ametista,88.04,Sim
RA-1381,Aluno-1381,ALFA,Topázio,88.01,Sim
RA-1100,Aluno-1100,3G,Agata,87.98,Sim
RA-1450,Aluno-1450,1R,Ametista,87.93,Sim
RA-1343,Aluno-1343,ALFA,Topázio,87.91,Sim
RA-1338,Aluno-1338,ALFA,Agata,87.75,Sim
RA-744,Aluno-744,0,Ametista,87.7,Sim
RA-1340,Aluno-1340,ALFA,Topázio,87.63,Sim
RA-1311,Aluno-1311,ALFA,Agata,87.63,Sim
RA-1330,Aluno-1330,ALFA,Topázio,87.61,Sim
RA-1362,Aluno-1362,ALFA,Ametista,87.58,Sim
RA-1007,Aluno-1007,ALFA,Topázio,87.55,Sim
RA-1368,Aluno-1368,ALFA,Topázio,87.54,Sim
RA-1347,Aluno-1347,ALFA,Agata,87.49,Sim
RA-585,Aluno-585,1,Ametista,87.36,Sim
RA-673,Aluno-673,0,Topázio,87.19,Sim
RA-728,Aluno-728,0,Topázio,87.02,Sim
RA-1111,Aluno-1111,3F,Agata,86.96,Sim
RA-1367,Aluno-1367,ALFA,Topázio,86.85,Sim
RA-489,Aluno-489,1,Quartzo,86.83,Sim
RA-883,Aluno-883,ALFA,Topázio,86.8,Sim
RA-976,Aluno-976,ALFA,Topázio,86.78,Sim
RA-352,Aluno-352,4B,Quartzo,86.73,Sim
RA-864,Aluno-864,ALFA,Ametista,86.73,Sim
RA-1400,Aluno-1400,1B,Ametista,86.69,Sim
RA-1363,Aluno-1363,ALFA,Ametista,86.5,Sim
RA-691,Aluno-691,0,Topázio,86.49,Sim
RA-869,Aluno-869,ALFA,Topázio,86.46,Sim
RA-1546,Aluno-1546,3N,Agata,86.42,Sim
RA-1321,Aluno-1321,ALFA,Ametista,86.36,Sim
RA-1322,Aluno-1322,ALFA,Topázio,86.36,Sim
RA-1190,Aluno-1190,FASE 4,Agata,86.03,Sim
RA-866,Aluno-866,ALFA,Ametista,86.03,Sim
RA-915,Aluno-915,ALFA,Topázio,85.98,Sim
RA-844,Aluno-844,0,Ágata,85.96,Sim
RA-481,Aluno-481,1,Ametista,85.91,Sim
RA-1331,Aluno-1331,ALFA,Ametista,85.6,Sim
RA-694,Aluno-694,0,Topázio,85.48,Sim
RA-1460,Aluno-1460,2C,Agata,85.19,Sim
RA-865,Aluno-865,ALFA,Topázio,85.01,Sim
RA-1327,Aluno-1327,ALFA,Topázio,84.98,Sim
RA-818,Aluno-818,FASE 1,Ametista,84.97,Sim
RA-1318,Aluno-1318,ALFA,Agata,84.93,Sim
RA-658,Aluno-658,3M,Ametista,84.9,Sim
RA-1309,Aluno-1309,ALFA,Topázio,84.66,Sim
RA-936,Aluno-936,ALFA,Topázio,84.43,Sim
RA-144,Aluno-144,FASE 5,Quartzo,84.36,Sim
RA-1315,Aluno-1315,ALFA,Topázio,84.21,Sim
RA-1477,Aluno-1477,2K,Ametista,84.21,Sim
RA-1194,Aluno-1194,FASE 4,Ametista,84.18,Sim
RA-997,Aluno-997,ALFA,Ametista,84.01,Sim
RA-1323,Aluno-1323,ALFA,Ametista,83.95,Sim
RA-276,Aluno-276,FASE 4,Agata,83.95,Sim
RA-1479,Aluno-1479,2K,Agata,83.89,Sim
RA-1156,Aluno-1156,4F,Agata,83.81,Sim
RA-431,Aluno-431,2,Ametista,83.79,Sim
RA-1139,Aluno-1139,3P,Agata,83.76,Sim
RA-1519,Aluno-1519,3A,Ametista,83.72,Sim
RA-932,Aluno-932,ALFA,Topázio,83.39,Sim
RA-1276,Aluno-1276,ALFA,Topázio,83.31,Sim
RA-1286,Aluno-1286,ALFA,Quartzo,83.21,Sim
RA-1277,Aluno-1277,ALFA,Ametista,83.07,Sim
RA-1446,Aluno-1446,1N,Quartzo,82.84,Sim
RA-870,Aluno-870,ALFA,Quartzo,82.75,Sim
RA-1047,Aluno-1047,FASE 1,Ametista,82.73,Sim
RA-852,Aluno-852,0,Quartzo,82.65,Sim
RA-887,Aluno-887,ALFA,Topázio,82.63,Sim
RA-809,Aluno-809,0,Ametista,82.49,Sim
RA-1595,Aluno-1595,4R,Agata,82.43,Sim
RA-1137,Aluno-1137,3P,Ametista,82.41,Sim
RA-213,Aluno-213,3,Ametista,82.33,Sim
RA-308,Aluno-308,5M,Ametista,82.27,Sim
RA-726,Aluno-726,ALFA,Ametista,82.03,Sim
RA-843,Aluno-843,0,Topázio,81.92,Sim
RA-1390,Aluno-1390,ALFA,Topázio,81.79,Sim
RA-1125,Aluno-1125,FASE 2,Agata,81.74,Sim
RA-1608,Aluno-1608,5D,Ametista,81.35,Sim
RA-314,Aluno-314,3,Ágata,81.33,Sim
RA-890,Aluno-890,ALFA,Agata,81.32,Sim
RA-845,Aluno-845,0,Topázio,81.19,Sim
RA-1341,Aluno-1341,ALFA,Ametista,81.09,Sim
RA-877,Aluno-877,ALFA,Ametista,80.92,Sim
RA-1516,Aluno-1516,3A,Ametista,80.88,Sim
RA-1325,Aluno-1325,ALFA,Topázio,80.84,Sim
RA-143,Aluno-143,7E,Ametista,80.74,Sim
RA-604,Aluno-604,3L,Ametista,80.65,Sim
RA-1494,Aluno-1494,2M,Quartzo,80.64,Sim
RA-1202,Aluno-1202,FASE 5,Agata,80.62,Sim
RA-514,Aluno-514,2C,Agata,80.55,Sim
RA-1046,Aluno-1046,FASE 1,Agata,80.38,Sim
RA-490,Aluno-490,3A,Ametista,80.35,Sim
RA-312,Aluno-312,3,Ametista,80.19,Sim
RA-1159,Aluno-1159,FASE 3,Quartzo,80.17,Sim
RA-1391,Aluno-1391,ALFA,Topázio,80.13,Sim
RA-1488,Aluno-1488,2L,Agata,80.06,Sim
RA-1122,Aluno-1122,3K,Ametista,79.63,Sim
RA-153,Aluno-153,7E,Quartzo,79.58,Sim
RA-1208,Aluno-1208,FASE 5,Ametista,79.48,Sim
RA-1308,Aluno-1308,ALFA,Agata,79.37,Sim
RA-1483,Aluno-1483,2K,Ametista,79.26,Sim
RA-1314,Aluno-1314,ALFA,Topázio,79.21,Sim
RA-1117,Aluno-1117,3K,Ametista,79.19,Sim
RA-1552,Aluno-1552,3P,Ametista,79.12,Sim
RA-1345,Aluno-1345,ALFA,Ametista,78.9,Sim
RA-1478,Aluno-1478,2K,Agata,78.87,Sim
RA-291,Aluno-291,7E,Ametista,78.85,Sim
RA-695,Aluno-695,0,Quartzo,78.75,Sim
RA-395,Aluno-395,4F,Ametista,78.74,Sim
RA-1369,Aluno-1369,ALFA,Topázio,78.72,Sim
RA-206,Aluno-206,3,Ametista,78.71,Sim
RA-800,Aluno-800,0,Ágata,78.4,Sim
RA-1475,Aluno-1475,2I,Ametista,78.32,Sim
RA-1379,Aluno-1379,ALFA,Agata,78.08,Sim
RA-270,Aluno-270,7E,Quartzo,78.06,Sim
RA-1578,Aluno-1578,4F,Ametista,78.01,Sim
RA-1215,Aluno-1215,FASE 6,Agata,78.01,Sim
RA-1565,Aluno-1565,4B,Quartzo,77.95,Sim
RA-1365,Aluno-1365,ALFA,Ametista,77.94,Sim
RA-1374,Aluno-1374,ALFA,Ametista,77.65,Sim
RA-933,Aluno-933,ALFA,Topázio,77.64,Sim
RA-321,Aluno-321,5N,Topázio,77.54,Sim
RA-824,Aluno-824,0,Ágata,77.34,Sim
RA-1388,Aluno-1388,ALFA,Ametista,77.29,Sim
RA-1497,Aluno-1497,2M,Quartzo,77.28,Sim
RA-1295,Aluno-1295,ALFA,Topázio,76.97,Sim
RA-1366,Aluno-1366,ALFA,Agata,76.94,Sim
RA-1183,Aluno-1183,FASE 4,Agata,76.7,Sim
RA-1514,Aluno-1514,2U,Ametista,76.64,Sim
RA-435,Aluno-435,2,Ágata,76.62,Sim
RA-1538,Aluno-1538,3K,Ametista,76.57,Sim
RA-508,Aluno-508,3D,Agata,76.31,Sim
RA-1364,Aluno-1364,ALFA,Ametista,76.12,Sim
RA-359,Aluno-359,4C,Ametista,76.05,Sim
RA-536,Aluno-536,3B,Ametista,75.95,Sim
RA-232,Aluno-232,3,Quartzo,75.62,Sim
RA-191,Aluno-191,7E,Ametista,75.6,Sim
RA-1392,Aluno-1392,ALFA,Quartzo,75.57,Sim
RA-1393,Aluno-1393,ALFA,Ametista,75.37,Sim
RA-1550,Aluno-1550,3P,Agata,75.25,Sim
RA-1588,Aluno-1588,4L,Ametista,74.95,Sim
RA-765,Aluno-765,0,Ágata,74.92,Sim
RA-246,Aluno-246,7E,Quartzo,74.7,Sim
RA-1548,Aluno-1548,3N,Agata,74.58,Sim
RA-1361,Aluno-1361,ALFA,Topázio,74.43,Sim
RA-1582,Aluno-1582,4H,Agata,74.39,Sim
RA-293,Aluno-293,3,Quartzo,74.21,Sim
RA-1053,Aluno-1053,FASE 1,Ametista,74.11,Sim
RA-4,Aluno-4,7,Quartzo,73.87,Sim
RA-1540,Aluno-1540,3M,Quartzo,73.84,Sim
RA-241,Aluno-241,7E,Topázio,73.75,Sim
RA-1339,Aluno-1339,ALFA,Ametista,73.6,Sim
RA-1316,Aluno-1316,ALFA,Ametista,73.48,Sim
RA-1010,Aluno-1010,ALFA,Topázio,73.43,Sim
RA-1312,Aluno-1312,ALFA,Ametista,73.37,Sim
RA-390,Aluno-390,3G,Agata,73.06,Sim
RA-1288,Aluno-1288,ALFA,Ametista,73.01,Sim
RA-684,Aluno-684,1C,Ametista,72.98,Sim
RA-1342,Aluno-1342,ALFA,Ametista,72.97,Sim
RA-1607,Aluno-1607,5D,Quartzo,72.97,Sim
RA-1441,Aluno-1441,1M,Topázio,72.87,Sim
RA-76,Aluno-76,7E,Topázio,72.85,Sim
RA-559,Aluno-559,3F,Agata,72.74,Sim
RA-1376,Aluno-1376,ALFA,Topázio,72.56,Sim
RA-812,Aluno-812,ALFA,Topázio,72.51,Sim
RA-1375,Aluno-1375,ALFA,Topázio,72.47,Sim
RA-1389,Aluno-1389,ALFA,Topázio,72.17,Sim
RA-1496,Aluno-1496,2M,Agata,72.03,Sim
RA-234,Aluno-234,FASE 3,Agata,72.03,Sim
RA-835,Aluno-835,ALFA,Topázio,71.62,Sim
RA-1285,Aluno-1285,ALFA,Topázio,71.56,Sim
RA-162,Aluno-162,4,Ametista,71.27,Sim
RA-236,Aluno-236,4F,Agata,71.26,Sim
RA-1095,Aluno-1095,3D,Agata,71.22,Sim
RA-1112,Aluno-1112,3I,Agata,71.13,Sim
RA-172,Aluno-172,7E,Topázio,71.05,Sim
RA-1292,Aluno-1292,ALFA,Agata,71.04,Sim
RA-323,Aluno-323,3,Ágata,70.75,Sim
RA-813,Aluno-813,FASE 1,Ametista,70.73,Sim
RA-442,Aluno-442,4M,Agata,70.66,Sim
RA-1297,Aluno-1297,ALFA,Ametista,70.51,Sim
RA-711,Aluno-711,0,Ágata,70.23,Sim
RA-1373,Aluno-1373,ALFA,Ametista,70.2,Sim
RA-1357,Aluno-1357,ALFA,Ametista,70.19,Sim
RA-689,Aluno-689,0,Ágata,69.97,Sim
RA-1181,Aluno-1181,5B,Agata,69.89,Sim
RA-168,Aluno-168,FASE 5,Agata,69.59,Sim
RA-1319,Aluno-1319,ALFA,Ametista,69.54,Sim
RA-925,Aluno-925,ALFA,Agata,69.51,Sim
RA-983,Aluno-983,ALFA,Topázio,69.41,Sim
RA-1353,Aluno-1353,ALFA,Agata,69.39,Sim
RA-1284,Aluno-1284,ALFA,Topázio,69.36,Sim
RA-1179,Aluno-1179,FASE 4,Agata,69.13,Sim
RA-329,Aluno-329,2,Ágata,69.0,Sim
RA-1515,Aluno-1515,2U,Quartzo,68.99,Sim
RA-1317,Aluno-1317,ALFA,Ametista,68.73,Sim
RA-605,Aluno-605,3M,Agata,68.51,Sim
RA-1291,Aluno-1291,ALFA,Topázio,68.51,Sim
RA-335,Aluno-335,2,Ametista,68.4,Sim
RA-1530,Aluno-1530,3F,Quartzo,68.38,Sim
RA-1118,Aluno-1118,3M,Ametista,68.37,Sim
RA-1344,Aluno-1344,ALFA,Topázio,68.35,Sim
RA-1370,Aluno-1370,ALFA,Topázio,68.26,Sim
RA-1352,Aluno-1352,ALFA,Topázio,68.23,Sim
RA-158,Aluno-158,5M,Agata,68.22,Sim
RA-277,Aluno-277,7E,Topázio,68.16,Sim
RA-1521,Aluno-1521,3B,Quartzo,68.16,Sim
RA-1098,Aluno-1098,3D,Agata,68.1,Sim
RA-1351,Aluno-1351,ALFA,Topázio,68.06,Sim
RA-839,Aluno-839,0,Quartzo,67.96,Sim
RA-102,Aluno-102,4,Ágata,67.84,Sim
RA-284,Aluno-284,3,Quartzo,67.78,Sim
RA-1386,Aluno-1386,ALFA,Ametista,67.77,Sim
RA-1107,Aluno-1107,3G,Quartzo,67.49,Sim
RA-178,Aluno-178,5A,Ametista,67.43,Sim
RA-1517,Aluno-1517,3A,Agata,67.26,Sim
RA-1564,Aluno-1564,4B,Quartzo,67.18,Sim
RA-1385,Aluno-1385,ALFA,Ametista,67.14,Sim
RA-1493,Aluno-1493,2M,Agata,66.95,Sim
RA-1015,Aluno-1015,2B,Agata,66.88,Sim
RA-1328,Aluno-1328,ALFA,Topázio,66.87,Sim
RA-1543,Aluno-1543,3M,Agata,66.84,Sim
RA-1435,Aluno-1435,1M,Ametista,66.82,Sim
RA-327,Aluno-327,2,Ágata,66.78,Sim
RA-1301,Aluno-1301,ALFA,Quartzo,66.76,Sim
RA-1545,Aluno-1545,3N,Ametista,66.61,Sim
RA-849,Aluno-849,0,Ametista,66.61,Sim
RA-231,Aluno-231,3,Ágata,66.5,Sim
RA-546,Aluno-546,3B,Quartzo,66.32,Sim
RA-447,Aluno-447,2,Quartzo,66.27,Sim
RA-1108,Aluno-1108,3F,Agata,66.21,Sim
RA-1048,Aluno-1048,2A,Ametista,66.08,Sim
RA-1310,Aluno-1310,ALFA,Topázio,66.0,Sim
RA-468,Aluno-468,FASE 3,Quartzo,65.97,Sim
RA-1544,Aluno-1544,3M,Agata,65.84,Sim
RA-420,Aluno-420,4M,Ametista,65.8,Sim
RA-248,Aluno-248,3,Ametista,65.72,Sim
RA-1522,Aluno-1522,3B,Topázio,65.62,Sim
RA-821,Aluno-821,2A,Agata,65.44,Sim
RA-404,Aluno-404,3M,Agata,65.3,Sim
RA-119,Aluno-119,7E,Topázio,65.19,Sim
RA-1051,Aluno-1051,FASE 1,Topázio,64.74,Sim
RA-478,Aluno-478,FASE 3,Agata,64.56,Sim
RA-1473,Aluno-1473,2G,Agata,64.53,Sim
RA-1387,Aluno-1387,ALFA,Ametista,64.47,Sim
RA-542,Aluno-542,3F,Agata,64.45,Sim
RA-1486,Aluno-1486,2L,Agata,64.37,Sim
RA-1306,Aluno-1306,ALFA,Topázio,64.31,Sim
RA-642,Aluno-642,3P,Ametista,64.21,Sim
RA-470,Aluno-470,4L,Agata,64.19,Sim
RA-732,Aluno-732,0,Ametista,64.15,Sim
RA-1336,Aluno-1336,ALFA,Ametista,64.06,Sim
RA-474,Aluno-474,3L,Agata,64.04,Sim
RA-760,Aluno-760,3M,Agata,63.92,Sim
RA-52,Aluno-52,7E,Topázio,63.71,Sim
RA-1518,Aluno-1518,3A,Quartzo,63.7,Sim
RA-281,Aluno-281,3,Ágata,63.69,Sim
RA-233,Aluno-233,3,Ágata,63.57,Sim
RA-387,Aluno-387,3G,Agata,63.54,Sim
RA-1087,Aluno-1087,3B,Agata,63.47,Sim
RA-856,Aluno-856,ALFA,Ametista,63.45,Sim
RA-118,Aluno-118,4,Quartzo,63.44,Sim
RA-1470,Aluno-1470,2G,Quartzo,63.37,Sim
RA-1238,Aluno-1238,9,Incluir,62.88,Sim
RA-1266,Aluno-1266,9,Incluir,62.88,Sim
RA-1237,Aluno-1237,9,Incluir,62.88,Sim
RA-1233,Aluno-1233,9,Incluir,62.88,Sim
RA-1267,Aluno-1267,9,Incluir,62.88,Sim
RA-1252,Aluno-1252,9,Incluir,62.88,Sim
RA-423,Aluno-423,3L,Agata,62.84,Sim
RA-846,Aluno-846,ALFA,Ametista,62.8,Sim
RA-240,Aluno-240,FASE 4,Agata,62.47,Sim
RA-122,Aluno-122,4,Quartzo,62.47,Sim
RA-258,Aluno-258,3H,Agata,62.46,Sim
RA-1489,Aluno-1489,2L,Quartzo,62.25,Sim
RA-380,Aluno-380,FASE 3,Quartzo,62.16,Sim
RA-1481,Aluno-1481,2K,Agata,62.02,Sim
RA-69,Aluno-69,5,Quartzo,61.93,Sim
RA-949,Aluno-949,ALFA,Ametista,61.84,Sim
RA-556,Aluno-556,3G,Quartzo,61.83,Sim
RA-230,Aluno-230,3,Ágata,61.41,Sim
RA-517,Aluno-517,3C,Quartzo,61.37,Sim
RA-599,Aluno-599,3K,Topázio,61.32,Sim
RA-1560,Aluno-1560,4A,Topázio,61.32,Sim
RA-154,Aluno-154,4,Ágata,61.27,Sim
RA-363,Aluno-363,3D,Ametista,61.24,Sim
RA-817,Aluno-817,FASE 1,Ametista,61.22,Sim
RA-386,Aluno-386,FASE 3,Quartzo,61.0,Sim
RA-1278,Aluno-1278,ALFA,Quartzo,60.96,Sim
RA-90,Aluno-90,7E,Topázio,60.89,Sim
RA-620,Aluno-620,3U,Quartzo,60.86,Sim
RA-194,Aluno-194,3,Quartzo,60.76,Sim
RA-1382,Aluno-1382,ALFA,Ametista,60.76,Sim
RA-1474,Aluno-1474,2H,Ametista,60.71,Sim
RA-224,Aluno-224,3,Quartzo,60.65,Sim
RA-1647,Aluno-1647,9,Incluir,60.63,Sim
RA-1640,Aluno-1640,9,Incluir,60.63,Sim
RA-1638,Aluno-1638,9,Incluir,60.63,Sim
RA-1652,Aluno-1652,9,Incluir,60.63,Sim
RA-1655,Aluno-1655,9,Incluir,60.63,Sim
RA-1661,Aluno-1661,9,Incluir,60.63,Sim
RA-1660,Aluno-1660,9,Incluir,60.63,Sim
RA-675,Aluno-675,ALFA,Topázio,60.45,Sim
RA-1506,Aluno-1506,2R,Ametista,60.4,Sim
RA-584,Aluno-584,3G,Agata,60.29,Sim
RA-1500,Aluno-1500,2N,Ametista,60.25,Sim
RA-100,Aluno-100,4,Ametista,59.89,Sim
RA-402,Aluno-402,4M,Quartzo,59.76,Sim
RA-953,Aluno-953,1N,Ametista,59.74,Sim
RA-1333,Aluno-1333,ALFA,Topázio,59.63,Sim
RA-1458,Aluno-1458,2B,Quartzo,59.62,Sim
RA-946,Aluno-946,ALFA,Agata,59.51,Sim
RA-1348,Aluno-1348,ALFA,Ametista,59.44,Sim
RA-93,Aluno-93,7E,Topázio,59.4,Sim
RA-496,Aluno-496,3A,Agata,59.37,Sim
RA-1482,Aluno-1482,2K,Quartzo,59.35,Sim
RA-282,Aluno-282,3,Ágata,59.31,Sim
RA-369,Aluno-369,3H,Quartzo,59.05,Sim
RA-148,Aluno-148,4,Ametista,59.02,Sim
RA-1185,Aluno-1185,FASE 4,Topázio,58.94,Sim
RA-382,Aluno-382,4F,Quartzo,58.9,Sim
RA-1281,Aluno-1281,ALFA,Ametista,58.84,Sim
RA-1008,Aluno-1008,ALFA,Agata,58.67,Sim
RA-408,Aluno-408,3K,Agata,58.52,Sim
RA-198,Aluno-198,3,Quartzo,58.46,Sim
RA-331,Aluno-331,3B,Agata,58.44,Sim
RA-1268,Aluno-1268,9,Incluir,58.43,Sim
RA-1232,Aluno-1232,9,Incluir,58.43,Sim
RA-1254,Aluno-1254,9,Incluir,58.43,Sim
RA-1258,Aluno-1258,9,Incluir,58.43,Sim
RA-1231,Aluno-1231,9,Incluir,58.43,Sim
RA-1235,Aluno-1235,9,Incluir,58.43,Sim
RA-1260,Aluno-1260,9,Incluir,58.43,Sim
RA-828,Aluno-828,0,Ametista,58.22,Sim
RA-1303,Aluno-1303,ALFA,Topázio,58.19,Sim
RA-98,Aluno-98,7E,Topázio,58.1,Sim
RA-669,Aluno-669,3K,Agata,58.1,Sim
RA-1501,Aluno-1501,2N,Topázio,58.09,Sim
RA-1334,Aluno-1334,ALFA,Topázio,58.07,Sim
RA-518,Aluno-518,3C,Agata,57.9,Sim
RA-458,Aluno-458,3P,Quartzo,57.89,Sim
RA-376,Aluno-376,3G,Quartzo,57.86,Sim
RA-921,Aluno-921,ALFA,Ametista,57.67,Sim
RA-1480,Aluno-1480,2K,Ametista,57.66,Sim
RA-1141,Aluno-1141,3L,Agata,57.62,Sim
RA-947,Aluno-947,ALFA,Agata,57.58,Sim
RA-1623,Aluno-1623,6A,Ametista,57.58,Sim
RA-433,Aluno-433,3N,Ametista,57.56,Sim
RA-1528,Aluno-1528,3D,Ametista,57.54,Sim
RA-639,Aluno-639,3P,Quartzo,57.38,Sim
RA-186,Aluno-186,5B,Topázio,57.33,Sim
RA-720,Aluno-720,0,Ágata,57.32,Sim
RA-54,Aluno-54,5,Ágata,57.29,Sim
RA-685,Aluno-685,0,Ágata,57.24,Sim
RA-1099,Aluno-1099,3G,Ametista,56.96,Sim
RA-610,Aluno-610,3K,Ametista,56.91,Sim
RA-1426,Aluno-1426,1J,Quartzo,56.8,Sim
RA-210,Aluno-210,3,Quartzo,56.74,Sim
RA-848,Aluno-848,0,Ametista,56.66,Sim
RA-608,Aluno-608,2N,Quartzo,56.62,Sim
RA-1509,Aluno-1509,2R,Ametista,56.56,Sim
RA-177,Aluno-177,3,Ametista,56.45,Sim
RA-1207,Aluno-1207,5M,Agata,56.29,Sim
RA-75,Aluno-75,5,Quartzo,56.24,Sim
RA-1279,Aluno-1279,ALFA,Topázio,56.16,Sim
RA-1637,Aluno-1637,9,Incluir,56.1,Sim
RA-1656,Aluno-1656,9,Incluir,56.1,Sim
RA-1653,Aluno-1653,9,Incluir,56.1,Sim
RA-1657,Aluno-1657,9,Incluir,56.1,Sim
RA-1654,Aluno-1654,9,Incluir,56.1,Sim
RA-1658,Aluno-1658,9,Incluir,56.1,Sim
RA-1641,Aluno-1641,9,Incluir,56.1,Sim
RA-1645,Aluno-1645,9,Incluir,56.1,Sim
RA-1644,Aluno-1644,9,Incluir,56.1,Sim
RA-1659,Aluno-1659,9,Incluir,56.1,Sim
RA-1642,Aluno-1642,9,Incluir,56.1,Sim
RA-1650,Aluno-1650,9,Incluir,56.1,Sim
RA-1649,Aluno-1649,9,Incluir,56.1,Sim
RA-1651,Aluno-1651,9,Incluir,56.1,Sim
RA-1646,Aluno-1646,9,Incluir,56.1,Sim
RA-1290,Aluno-1290,ALFA,Topázio,56.1,Sim
RA-1648,Aluno-1648,9,Incluir,56.1,Sim
RA-1639,Aluno-1639,9,Incluir,56.1,Sim
RA-1643,Aluno-1643,9,Incluir,56.1,Sim
RA-774,Aluno-774,ALFA,Quartzo,56.06,Sim
RA-1172,Aluno-1172,5A,Quartzo,56.05,Sim
RA-464,Aluno-464,3L,Agata,55.71,Sim
RA-900,Aluno-900,1B,Topázio,55.69,Sim
RA-674,Aluno-674,ALFA,Agata,55.67,Sim
RA-306,Aluno-306,5M,Agata,55.66,Sim
RA-133,Aluno-133,FASE 5,Agata,55.5,Sim
RA-1296,Aluno-1296,ALFA,Ametista,55.49,Sim
RA-469,Aluno-469,3K,Ametista,55.43,Sim
RA-1147,Aluno-1147,3B,Quartzo,55.33,Sim
RA-128,Aluno-128,FASE 5,Agata,55.18,Sim
RA-1219,Aluno-1219,FASE 6,Ametista,55.06,Sim
RA-1529,Aluno-1529,3F,Agata,55.02,Sim
RA-662,Aluno-662,3M,Ametista,54.91,Sim
RA-1133,Aluno-1133,3U,Topázio,54.9,Sim
RA-1457,Aluno-1457,2B,Agata,54.84,Sim
RA-656,Aluno-656,3R,Agata,54.79,Sim
RA-1617,Aluno-1617,5M,Quartzo,54.79,Sim
RA-1218,Aluno-1218,FASE 6,Agata,54.66,Sim
RA-715,Aluno-715,2I,Quartzo,54.63,Sim
RA-1293,Aluno-1293,ALFA,Topázio,54.58,Sim
RA-1523,Aluno-1523,3B,Topázio,54.53,Sim
RA-668,Aluno-668,FASE 2,Agata,54.47,Sim
RA-377,Aluno-377,4F,Ametista,54.4,Sim
RA-379,Aluno-379,2,Ágata,54.33,Sim
RA-401,Aluno-401,3L,Agata,54.28,Sim
RA-592,Aluno-592,3L,Ametista,54.23,Sim
RA-74,Aluno-74,5,Quartzo,54.2,Sim
RA-616,Aluno-616,3U,Quartzo,54.18,Sim
RA-337,Aluno-337,2,Ametista,54.09,Sim
RA-534,Aluno-534,3C,Ametista,54.02,Sim
RA-256,Aluno-256,3,Ametista,53.89,Sim
RA-366,Aluno-366,2,Ametista,53.79,Sim
RA-136,Aluno-136,4,Ágata,53.57,Sim
RA-1520,Aluno-1520,3B,Ametista,53.49,Sim
RA-603,Aluno-603,3U,Agata,53.45,Sim
RA-1586,Aluno-1586,4L,Agata,53.45,Sim
RA-344,Aluno-344,2,Ametista,53.43,Sim
RA-626,Aluno-626,3U,Agata,53.28,Sim
RA-631,Aluno-631,3L,Agata,53.16,Sim
RA-1602,Aluno-1602,5C,Topázio,53.01,Sim
RA-427,Aluno-427,2,Ágata,52.92,Sim
RA-1512,Aluno-1512,2U,Topázio,52.92,Sim
RA-1280,Aluno-1280,ALFA,Topázio,52.9,Sim
RA-1158,Aluno-1158,FASE 3,Agata,52.85,Sim
RA-841,Aluno-841,2H,Agata,52.81,Sim
RA-1324,Aluno-1324,ALFA,Topázio,52.71,Sim
RA-448,Aluno-448,2,Ametista,52.61,Sim
RA-225,Aluno-225,3,Quartzo,52.61,Sim
RA-421,Aluno-421,4N,Topázio,52.59,Sim
RA-1577,Aluno-1577,4C,Agata,52.57,Sim
RA-257,Aluno-257,3,Quartzo,52.55,Sim
RA-924,Aluno-924,ALFA,Agata,52.31,Sim
RA-245,Aluno-245,7E,Topázio,52.27,Sim
RA-1547,Aluno-1547,3N,Agata,52.22,Sim
RA-1060,Aluno-1060,2M,Agata,52.21,Sim
RA-1513,Aluno-1513,2U,Agata,52.16,Sim
RA-1629,Aluno-1629,6A,Ametista,52.16,Sim
RA-3,Aluno-3,7,Ágata,51.95,Sim
RA-193,Aluno-193,5C,Topázio,51.9,Sim
RA-1505,Aluno-1505,2P,Agata,51.7,Sim
RA-336,Aluno-336,4A,Agata,51.45,Sim
RA-16,Aluno-16,7,Ágata,51.39,Sim
RA-299,Aluno-299,5N,Topázio,51.24,Sim
RA-347,Aluno-347,4A,Topázio,51.12,Sim
RA-989,Aluno-989,1R,Ametista,51.1,Sim
RA-918,Aluno-918,ALFA,Quartzo,51.05,Sim
RA-389,Aluno-389,3G,Ametista,50.98,Sim
RA-434,Aluno-434,3U,Agata,50.97,Sim
RA-242,Aluno-242,7E,Topázio,50.95,Sim
RA-1160,Aluno-1160,3I,Agata,50.84,Sim
RA-1200,Aluno-1200,5N,Quartzo,50.82,Sim
RA-484,Aluno-484,3A,Quartzo,50.82,Sim
RA-1556,Aluno-1556,3U,Agata,50.76,Sim
RA-28,Aluno-28,6,Ágata,50.75,Sim
RA-503,Aluno-503,3D,Topázio,50.68,Sim
RA-706,Aluno-706,2G,Quartzo,50.62,Sim
RA-1507,Aluno-1507,2R,Quartzo,50.55,Sim
RA-908,Aluno-908,ALFA,Agata,50.53,Sim
RA-1102,Aluno-1102,3H,Topázio,50.51,Sim
RA-596,Aluno-596,1,Topázio,50.5,Sim
RA-317,Aluno-317,3,Ametista,50.48,Sim
RA-530,Aluno-530,3C,Ametista,50.43,Sim
RA-709,Aluno-709,1H,Agata,50.38,Sim
RA-411,Aluno-411,4M,Ametista,50.31,Sim
RA-1130,Aluno-1130,3N,Agata,50.28,Sim
RA-636,Aluno-636,2P,Agata,50.18,Sim
RA-1531,Aluno-1531,3F,Ametista,49.91,Não
RA-660,Aluno-660,1,Topázio,49.84,Não
RA-829,Aluno-829,2K,Topázio,49.69,Não
RA-77,Aluno-77,5,Quartzo,49.51,Não
RA-1532,Aluno-1532,3H,Quartzo,49.35,Não
RA-1168,Aluno-1168,3N,Agata,49.35,Não
RA-1174,Aluno-1174,5B,Ametista,49.21,Não
RA-1524,Aluno-1524,3B,Quartzo,49.12,Não
RA-269,Aluno-269,7E,Topázio,49.01,Não
RA-583,Aluno-583,3I,Ametista,49.01,Não
RA-982,Aluno-982,1P,Topázio,48.91,Não
RA-1539,Aluno-1539,3K,Ametista,48.8,Não
RA-945,Aluno-945,ALFA,Ametista,48.7,Não
RA-1123,Aluno-1123,FASE 2,Agata,48.55,Não
RA-339,Aluno-339,4A,Ametista,48.53,Não
RA-1300,Aluno-1300,ALFA,Ametista,48.52,Não
RA-698,Aluno-698,2A,Ametista,48.47,Não
RA-414,Aluno-414,3L,Ametista,48.47,Não
RA-203,Aluno-203,3,Quartzo,48.43,Não
RA-718,Aluno-718,2I,Topázio,48.28,Não
RA-1180,Aluno-1180,FASE 4,Ametista,48.19,Não
RA-1162,Aluno-1162,4M,Ametista,48.03,Não
RA-923,Aluno-923,1D,Ametista,47.72,Não
RA-1423,Aluno-1423,1J,Agata,47.68,Não
RA-1491,Aluno-1491,2L,Ametista,47.67,Não
RA-1113,Aluno-1113,FASE 2,Quartzo,47.66,Não
RA-319,Aluno-319,5L,Ametista,47.55,Não
RA-169,Aluno-169,4,Quartzo,47.55,Não
RA-1371,Aluno-1371,ALFA,Agata,47.39,Não
RA-1145,Aluno-1145,FASE 3,Ametista,47.3,Não
RA-1049,Aluno-1049,1J,Agata,47.27,Não
RA-455,Aluno-455,3U,Ametista,47.23,Não
RA-476,Aluno-476,3L,Agata,47.21,Não
RA-598,Aluno-598,1,Ágata,47.19,Não
RA-410,Aluno-410,FASE 3,Agata,47.16,Não
RA-67,Aluno-67,5,Quartzo,47.14,Não
RA-166,Aluno-166,7E,Topázio,47.12,Não
RA-1217,Aluno-1217,FASE 6,Agata,46.91,Não
RA-1070,Aluno-1070,1P,Agata,46.82,Não
RA-255,Aluno-255,3,Quartzo,46.82,Não
RA-428,Aluno-428,4M,Ametista,46.72,Não
RA-1289,Aluno-1289,ALFA,Ametista,46.63,Não
RA-811,Aluno-811,0,Ágata,46.59,Não
RA-597,Aluno-597,2L,Ametista,46.59,Não
RA-361,Aluno-361,2,Ágata,46.54,Não
RA-107,Aluno-107,5D,Agata,46.49,Não
RA-595,Aluno-595,FASE 2,Quartzo,46.48,Não
RA-739,Aluno-739,ALFA,Ametista,46.44,Não
RA-383,Aluno-383,4F,Topázio,46.36,Não
RA-1620,Aluno-1620,5N,Agata,46.17,Não
RA-623,Aluno-623,3U,Agata,46.16,Não
RA-606,Aluno-606,2M,Agata,46.13,Não
RA-40,Aluno-40,7A,Ametista,46.03,Não
RA-516,Aluno-516,3C,Topázio,45.72,Não
RA-141,Aluno-141,FASE 4,Agata,45.43,Não
RA-439,Aluno-439,2,Quartzo,45.4,Não
RA-560,Aluno-560,FASE 2,Quartzo,45.32,Não
RA-444,Aluno-444,3P,Quartzo,45.32,Não
RA-1499,Aluno-1499,2N,Ametista,45.3,Não
RA-543,Aluno-543,3F,Topázio,45.25,Não
RA-1618,Aluno-1618,5M,Ametista,45.18,Não
RA-836,Aluno-836,1J,Agata,45.14,Não
RA-970,Aluno-970,ALFA,Topázio,45.1,Não
RA-1459,Aluno-1459,2C,Agata,45.07,Não
RA-1553,Aluno-1553,3R,Ametista,45.07,Não
RA-32,Aluno-32,FASE 7,Agata,45.06,Não
RA-789,Aluno-789,1L,Topázio,45.04,Não
RA-1589,Aluno-1589,4M,Quartzo,44.95,Não
RA-212,Aluno-212,3,Ametista,44.9,Não
RA-1492,Aluno-1492,2L,Topázio,44.72,Não
RA-1569,Aluno-1569,4B,Quartzo,44.7,Não
RA-1019,Aluno-1019,1A,Topázio,44.64,Não
RA-1077,Aluno-1077,3D,Quartzo,44.62,Não
RA-477,Aluno-477,2,Quartzo,44.59,Não
RA-638,Aluno-638,2P,Agata,44.57,Não
RA-961,Aluno-961,1M,Agata,44.52,Não
RA-1287,Aluno-1287,ALFA,Ametista,44.52,Não
RA-422,Aluno-422,3K,Quartzo,44.43,Não
RA-461,Aluno-461,3R,Ametista,44.34,Não
RA-980,Aluno-980,1P,Ametista,44.33,Não
RA-1223,Aluno-1223,FASE 7,Topázio,44.27,Não
RA-1616,Aluno-1616,5M,Ametista,44.26,Não
RA-424,Aluno-424,4L,Ametista,44.23,Não
RA-392,Aluno-392,4B,Quartzo,44.05,Não
RA-1076,Aluno-1076,3A,Ametista,44.04,Não
RA-235,Aluno-235,3,Ágata,43.81,Não
RA-209,Aluno-209,3,Quartzo,43.78,Não
RA-394,Aluno-394,2,Ametista,43.71,Não
RA-904,Aluno-904,ALFA,Ametista,43.63,Não
RA-497,Aluno-497,2B,Quartzo,43.58,Não
RA-179,Aluno-179,4A,Topázio,43.57,Não
RA-1097,Aluno-1097,3C,Quartzo,43.56,Não
RA-986,Aluno-986,1P,Topázio,43.38,Não
RA-340,Aluno-340,3D,Agata,43.35,Não
RA-227,Aluno-227,3A,Topázio,43.34,Não
RA-676,Aluno-676,0,Ametista,43.34,Não
RA-1534,Aluno-1534,3I,Ametista,43.17,Não
RA-1526,Aluno-1526,3D,Ametista,43.16,Não
RA-635,Aluno-635,1,Quartzo,43.1,Não
RA-216,Aluno-216,3,Ametista,43.09,Não
RA-1585,Aluno-1585,4L,Agata,43.06,Não
RA-362,Aluno-362,FASE 3,Agata,42.96,Não
RA-1535,Aluno-1535,3I,Ametista,42.85,Não
RA-920,Aluno-920,ALFA,Ametista,42.81,Não
RA-195,Aluno-195,5C,Topázio,42.66,Não
RA-1615,Aluno-1615,5M,Topázio,42.63,Não
RA-951,Aluno-951,ALFA,Agata,42.62,Não
RA-629,Aluno-629,2U,Topázio,42.62,Não
RA-1134,Aluno-1134,3U,Ametista,42.52,Não
RA-1614,Aluno-1614,5L,Agata,42.52,Não
RA-1204,Aluno-1204,FASE 5,Agata,42.52,Não
RA-1212,Aluno-1212,FASE 5,Agata,42.43,Não
RA-633,Aluno-633,3P,Quartzo,42.43,Não
RA-1082,Aluno-1082,2A,Agata,42.39,Não
RA-573,Aluno-573,3G,Ametista,42.35,Não
RA-140,Aluno-140,4,Ametista,42.34,Não
RA-97,Aluno-97,5,Ametista,42.3,Não
RA-1198,Aluno-1198,5A,Agata,42.24,Não
RA-981,Aluno-981,ALFA,Agata,42.2,Não
RA-681,Aluno-681,1C,Agata,42.15,Não
RA-482,Aluno-482,1,Ágata,42.05,Não
RA-1084,Aluno-1084,3A,Agata,42.02,Não
RA-33,Aluno-33,6,Quartzo,41.98,Não
RA-630,Aluno-630,2L,Agata,41.97,Não
RA-272,Aluno-272,3,Ágata,41.84,Não
RA-37,Aluno-37,6,Quartzo,41.77,Não
RA-252,Aluno-252,3,Quartzo,41.68,Não
RA-457,Aluno-457,4N,Topázio,41.51,Não
RA-1461,Aluno-1461,2C,Agata,41.39,Não
RA-1417,Aluno-1417,1G,Ametista,41.35,Não
RA-971,Aluno-971,ALFA,Agata,41.31,Não
RA-847,Aluno-847,1D,Quartzo,41.24,Não
RA-205,Aluno-205,FASE 4,Agata,41.22,Não
RA-1581,Aluno-1581,4H,Agata,41.16,Não
RA-1557,Aluno-1557,3U,Topázio,41.05,Não
RA-278,Aluno-278,5N,Topázio,40.94,Não
RA-147,Aluno-147,5F,Ametista,40.92,Não
RA-1485,Aluno-1485,2L,Agata,40.91,Não
RA-1096,Aluno-1096,3B,Topázio,40.87,Não
RA-238,Aluno-238,3,Ágata,40.74,Não
RA-396,Aluno-396,2,Ágata,40.74,Não
RA-429,Aluno-429,2,Quartzo,40.6,Não
RA-405,Aluno-405,2,Quartzo,40.6,Não
RA-391,Aluno-391,FASE 3,Agata,40.51,Não
RA-1136,Aluno-1136,3R,Quartzo,40.45,Não
RA-1101,Aluno-1101,FASE 2,Agata,40.45,Não
RA-825,Aluno-825,0,Ametista,40.32,Não
RA-371,Aluno-371,2,Topázio,40.28,Não
RA-954,Aluno-954,1N,Topázio,40.11,Não
RA-400,Aluno-400,FASE 3,Agata,40.1,Não
RA-783,Aluno-783,ALFA,Ametista,40.1,Não
RA-332,Aluno-332,4A,Topázio,40.07,Não
RA-1626,Aluno-1626,6A,Topázio,39.95,Não
RA-538,Aluno-538,3H,Agata,39.81,Não
RA-667,Aluno-667,3M,Ametista,39.78,Não
RA-758,Aluno-758,0,Ametista,39.76,Não
RA-388,Aluno-388,4F,Quartzo,39.68,Não
RA-1006,Aluno-1006,ALFA,Ametista,39.51,Não
RA-473,Aluno-473,2,Quartzo,39.47,Não
RA-871,Aluno-871,1B,Ametista,39.42,Não
RA-770,Aluno-770,ALFA,Ametista,39.41,Não
RA-297,Aluno-297,3,Ametista,39.33,Não
RA-752,Aluno-752,2U,Agata,39.28,Não
RA-449,Aluno-449,FASE 3,Ametista,39.22,Não
RA-1116,Aluno-1116,3M,Quartzo,39.22,Não
RA-1197,Aluno-1197,FASE 5,Agata,39.14,Não
RA-588,Aluno-588,3U,Topázio,39.13,Não
RA-969,Aluno-969,ALFA,Ametista,38.87,Não
RA-385,Aluno-385,2,Ágata,38.86,Não
RA-1605,Aluno-1605,5D,Quartzo,38.82,Não
RA-460,Aluno-460,2,Quartzo,38.79,Não
RA-571,Aluno-571,2G,Agata,38.77,Não
RA-513,Aluno-513,3B,Topázio,38.77,Não
RA-309,Aluno-309,3,Ágata,38.74,Não
RA-273,Aluno-273,4N,Agata,38.67,Não
RA-208,Aluno-208,3,Ágata,38.44,Não
RA-226,Aluno-226,3,Ágata,38.29,Não
RA-987,Aluno-987,1P,Topázio,38.21,Não
RA-251,Aluno-251,5N,Agata,38.06,Não
RA-582,Aluno-582,1,Ametista,38.05,Não
RA-537,Aluno-537,1,Ágata,38.03,Não
RA-586,Aluno-586,3U,Topázio,38.02,Não
RA-1106,Aluno-1106,3F,Quartzo,38.02,Não
RA-471,Aluno-471,4M,Agata,37.91,Não
RA-126,Aluno-126,4,Ágata,37.85,Não
RA-977,Aluno-977,ALFA,Ametista,37.79,Não
RA-555,Aluno-555,3F,Quartzo,37.77,Não
RA-896,Aluno-896,1C,Topázio,37.72,Não
RA-880,Aluno-880,ALFA,Agata,37.72,Não
RA-1079,Aluno-1079,3B,Quartzo,37.57,Não
RA-43,Aluno-43,FASE 6,Agata,37.45,Não
RA-548,Aluno-548,3H,Ametista,37.45,Não
RA-1468,Aluno-1468,2D,Topázio,37.42,Não
RA-365,Aluno-365,3H,Topázio,37.38,Não
RA-318,Aluno-318,5L,Ametista,37.31,Não
RA-1014,Aluno-1014,ALFA,Agata,37.24,Não
RA-960,Aluno-960,1K,Quartzo,37.22,Não
RA-1226,Aluno-1226,7E,Ametista,37.08,Não
RA-651,Aluno-651,3K,Topázio,37.05,Não
RA-579,Aluno-579,1,Ágata,36.74,Não
RA-180,Aluno-180,5A,Topázio,36.6,Não
RA-472,Aluno-472,2U,Agata,36.55,Não
RA-8,Aluno-8,7,Quartzo,36.54,Não
RA-1421,Aluno-1421,1H,Ametista,36.38,Não
RA-1003,Aluno-1003,ALFA,Ametista,36.37,Não
RA-1230,Aluno-1230,7E,Quartzo,36.35,Não
RA-771,Aluno-771,ALFA,Agata,36.27,Não
RA-805,Aluno-805,1R,Agata,36.25,Não
RA-1164,Aluno-1164,FASE 3,Agata,36.24,Não
RA-1017,Aluno-1017,2C,Ametista,35.92,Não
RA-10,Aluno-10,7,Quartzo,35.92,Não
RA-1089,Aluno-1089,3D,Ametista,35.88,Não
RA-1425,Aluno-1425,1J,Agata,35.85,Não
RA-355,Aluno-355,2,Quartzo,35.82,Não
RA-11,Aluno-11,7,Quartzo,35.63,Não
RA-1504,Aluno-1504,2P,Agata,35.57,Não
RA-820,Aluno-820,2I,Ametista,35.49,Não
RA-903,Aluno-903,1B,Topázio,35.41,Não
RA-349,Aluno-349,2,Quartzo,35.39,Não
RA-345,Aluno-345,FASE 3,Agata,35.38,Não
RA-1395,Aluno-1395,1A,Topázio,35.04,Não
RA-1009,Aluno-1009,ALFA,Agata,35.0,Não
RA-713,Aluno-713,2H,Ametista,34.95,Não
RA-1128,Aluno-1128,FASE 2,Agata,34.93,Não
RA-1508,Aluno-1508,2R,Topázio,34.71,Não
RA-860,Aluno-860,1G,Topázio,34.67,Não
RA-286,Aluno-286,5M,Quartzo,34.58,Não
RA-892,Aluno-892,1C,Topázio,34.43,Não
RA-223,Aluno-223,FASE 3,Quartzo,34.43,Não
RA-467,Aluno-467,4L,Ametista,34.4,Não
RA-567,Aluno-567,1,Ágata,34.31,Não
RA-1404,Aluno-1404,1D,Topázio,34.24,Não
RA-89,Aluno-89,FASE 6,Agata,34.24,Não
RA-247,Aluno-247,4B,Agata,34.23,Não
RA-1012,Aluno-1012,ALFA,Topázio,34.1,Não
RA-985,Aluno-985,1P,Topázio,33.91,Não
RA-972,Aluno-972,ALFA,Ametista,33.84,Não
RA-279,Aluno-279,5N,Topázio,33.83,Não
RA-261,Aluno-261,3,Ágata,33.83,Não
RA-1407,Aluno-1407,1D,Ametista,33.83,Não
RA-176,Aluno-176,5C,Topázio,33.81,Não
RA-511,Aluno-511,1,Ametista,33.8,Não
RA-957,Aluno-957,ALFA,Topázio,33.8,Não
RA-993,Aluno-993,ALFA,Topázio,33.77,Não
RA-399,Aluno-399,FASE 3,Ametista,33.75,Não
RA-680,Aluno-680,2A,Quartzo,33.7,Não
RA-157,Aluno-157,5N,Topázio,33.66,Não
RA-1115,Aluno-1115,2M,Agata,33.47,Não
RA-499,Aluno-499,2C,Ametista,33.45,Não
RA-544,Aluno-544,1,Ágata,33.41,Não
RA-322,Aluno-322,FASE 4,Ametista,33.35,Não
RA-188,Aluno-188,3,Quartzo,33.24,Não
RA-928,Aluno-928,1K,Topázio,33.18,Não
RA-215,Aluno-215,5B,Ametista,33.17,Não
RA-459,Aluno-459,4N,Ametista,33.13,Não
RA-931,Aluno-931,ALFA,Ametista,33.04,Não
RA-679,Aluno-679,FASE 1,Agata,32.88,Não
RA-432,Aluno-432,4L,Ametista,32.7,Não
RA-274,Aluno-274,5L,Topázio,32.65,Não
RA-163,Aluno-163,4,Ágata,32.6,Não
RA-184,Aluno-184,5D,Topázio,32.6,Não
RA-419,Aluno-419,4M,Topázio,32.57,Não
RA-1542,Aluno-1542,3M,Agata,32.53,Não
RA-1229,Aluno-1229,7E,Quartzo,32.52,Não
RA-1042,Aluno-1042,FASE 1,Quartzo,32.51,Não
RA-268,Aluno-268,3,Ágata,32.43,Não
RA-529,Aluno-529,2A,Quartzo,32.42,Não
RA-547,Aluno-547,3H,Ametista,32.39,Não
RA-815,Aluno-815,FASE 1,Agata,32.38,Não
RA-705,Aluno-705,1H,Quartzo,32.35,Não
RA-1594,Aluno-1594,4N,Quartzo,32.33,Não
RA-160,Aluno-160,5L,Agata,32.3,Não
RA-99,Aluno-99,FASE 6,Agata,32.09,Não
RA-876,Aluno-876,1K,Ametista,32.05,Não
RA-1591,Aluno-1591,4N,Agata,32.03,Não
RA-910,Aluno-910,1G,Topázio,31.91,Não
RA-649,Aluno-649,3R,Agata,31.87,Não
RA-1559,Aluno-1559,4A,Agata,31.81,Não
RA-652,Aluno-652,2P,Ametista,31.78,Não
RA-1592,Aluno-1592,4N,Agata,31.78,Não
RA-1355,Aluno-1355,ALFA,Ametista,31.77,Não
RA-1222,Aluno-1222,FASE 7,Ametista,31.73,Não
RA-229,Aluno-229,5C,Topázio,31.67,Não
RA-120,Aluno-120,4,Ágata,31.66,Não
RA-305,Aluno-305,4N,Agata,31.66,Não
RA-593,Aluno-593,1,Ágata,31.48,Não
RA-665,Aluno-665,2M,Quartzo,31.45,Não
RA-1498,Aluno-1498,2M,Ametista,31.43,Não
RA-700,Aluno-700,1G,Ametista,31.32,Não
RA-956,Aluno-956,1N,Agata,31.27,Não
RA-1354,Aluno-1354,ALFA,Ametista,31.22,Não
RA-959,Aluno-959,ALFA,Topázio,31.17,Não
RA-714,Aluno-714,2H,Quartzo,31.17,Não
RA-716,Aluno-716,1J,Agata,31.11,Não
RA-244,Aluno-244,5G,Topázio,31.07,Não
RA-47,Aluno-47,5,Quartzo,31.0,Não
RA-978,Aluno-978,ALFA,Ametista,30.99,Não
RA-1418,Aluno-1418,1G,Ametista,30.98,Não
RA-42,Aluno-42,6A,Ametista,30.95,Não
RA-952,Aluno-952,1N,Topázio,30.93,Não
RA-509,Aluno-509,3D,Agata,30.89,Não
RA-1536,Aluno-1536,3I,Ametista,30.87,Não
RA-436,Aluno-436,FASE 2,Quartzo,30.77,Não
RA-466,Aluno-466,3L,Agata,30.74,Não
RA-645,Aluno-645,2P,Ametista,30.72,Não
RA-418,Aluno-418,4M,Topázio,30.65,Não
RA-452,Aluno-452,2,Ágata,30.65,Não
RA-819,Aluno-819,2U,Topázio,30.57,Não
RA-672,Aluno-672,1H,Quartzo,30.51,Não
RA-87,Aluno-87,7A,Topázio,30.5,Não
RA-415,Aluno-415,FASE 3,Ametista,30.5,Não
RA-486,Aluno-486,FASE 2,Ametista,30.45,Não
RA-1525,Aluno-1525,3C,Ametista,30.34,Não
RA-1415,Aluno-1415,1G,Ametista,30.32,Não
RA-142,Aluno-142,4,Ametista,30.26,Não
RA-267,Aluno-267,5G,Quartzo,30.24,Não
RA-124,Aluno-124,4,Ametista,30.18,Não
RA-1054,Aluno-1054,2G,Agata,30.06,Não
RA-627,Aluno-627,1,Ágata,30.05,Não
RA-1419,Aluno-1419,1H,Topázio,30.05,Não
RA-1411,Aluno-1411,1E,Agata,30.05,Não
RA-1527,Aluno-1527,3D,Topázio,29.99,Não
RA-979,Aluno-979,ALFA,Topázio,29.98,Não
RA-462,Aluno-462,FASE 3,Agata,29.84,Não
RA-943,Aluno-943,1L,Topázio,29.83,Não
RA-1073,Aluno-1073,3A,Ametista,29.64,Não
RA-670,Aluno-670,3U,Topázio,29.59,Não
RA-1611,Aluno-1611,5F,Agata,29.59,Não
RA-480,Aluno-480,2C,Ametista,29.57,Não
RA-1613,Aluno-1613,5G,Agata,29.47,Não
RA-1402,Aluno-1402,1D,Topázio,29.43,Não
RA-358,Aluno-358,2,Quartzo,29.41,Não
RA-609,Aluno-609,FASE 2,Agata,29.38,Não
RA-858,Aluno-858,ALFA,Agata,29.36,Não
RA-326,Aluno-326,4A,Topázio,29.36,Não
RA-101,Aluno-101,4,Ametista,29.34,Não
RA-134,Aluno-134,4,Ágata,29.0,Não
RA-485,Aluno-485,1,Quartzo,28.99,Não
RA-1135,Aluno-1135,FASE 2,Ametista,28.96,Não
RA-899,Aluno-899,1B,Topázio,28.96,Não
RA-298,Aluno-298,FASE 3,Agata,28.89,Não
RA-1126,Aluno-1126,FASE 2,Nan,28.87,Não
RA-643,Aluno-643,2P,Agata,28.83,Não
RA-613,Aluno-613,3N,Ametista,28.71,Não
RA-280,Aluno-280,5N,Topázio,28.7,Não
RA-731,Aluno-731,2G,Quartzo,28.68,Não
RA-763,Aluno-763,1N,Agata,28.66,Não
RA-1031,Aluno-1031,1C,Agata,28.65,Não
RA-1182,Aluno-1182,FASE 4,Quartzo,28.62,Não
RA-117,Aluno-117,4,Ágata,28.6,Não
RA-1444,Aluno-1444,1N,Agata,28.49,Não
RA-1129,Aluno-1129,3N,Ametista,28.44,Não
RA-196,Aluno-196,5C,Topázio,28.43,Não
RA-693,Aluno-693,1C,Topázio,28.37,Não
RA-1227,Aluno-1227,7E,Quartzo,28.28,Não
RA-1416,Aluno-1416,1G,Ametista,28.25,Não
RA-181,Aluno-181,5A,Ametista,28.17,Não
RA-1000,Aluno-1000,1N,Topázio,28.16,Não
RA-1502,Aluno-1502,2N,Agata,28.16,Não
RA-1228,Aluno-1228,7E,Quartzo,28.15,Não
RA-1511,Aluno-1511,2U,Topázio,28.01,Não
RA-1503,Aluno-1503,2P,Agata,27.88,Não
RA-837,Aluno-837,2G,Ametista,27.84,Não
RA-549,Aluno-549,2G,Agata,27.73,Não
RA-360,Aluno-360,3C,Agata,27.73,Não
RA-463,Aluno-463,FASE 3,Agata,27.72,Não
RA-868,Aluno-868,ALFA,Ametista,27.68,Não
RA-1210,Aluno-1210,6L,Topázio,27.66,Não
RA-1074,Aluno-1074,FASE 2,Agata,27.64,Não
RA-838,Aluno-838,0,Ametista,27.61,Não
RA-661,Aluno-661,FASE 2,Agata,27.6,Não
RA-1405,Aluno-1405,1D,Topázio,27.54,Não
RA-967,Aluno-967,1R,Quartzo,27.45,Não
RA-407,Aluno-407,4L,Ametista,27.37,Não
RA-95,Aluno-95,5,Ágata,27.36,Não
RA-1451,Aluno-1451,1R,Ametista,27.35,Não
RA-741,Aluno-741,1H,Quartzo,27.33,Não
RA-1462,Aluno-1462,2D,Ametista,27.3,Não
RA-859,Aluno-859,1G,Topázio,27.2,Não
RA-1378,Aluno-1378,ALFA,Ametista,27.19,Não
RA-1549,Aluno-1549,3N,Agata,27.17,Não
RA-1610,Aluno-1610,5F,Agata,27.16,Não
RA-664,Aluno-664,2N,Ametista,27.15,Não
RA-1471,Aluno-1471,2G,Ametista,27.11,Não
RA-1456,Aluno-1456,2A,Topázio,27.09,Não
RA-1600,Aluno-1600,5B,Agata,27.09,Não
RA-1192,Aluno-1192,FASE 4,Agata,27.07,Não
RA-1149,Aluno-1149,4A,Topázio,27.01,Não
RA-1016,Aluno-1016,FASE 1,Ametista,27.01,Não
RA-777,Aluno-777,2N,Ametista,26.95,Não
RA-445,Aluno-445,3P,Ametista,26.92,Não
RA-296,Aluno-296,3,Quartzo,26.87,Não
RA-1027,Aluno-1027,2B,Topázio,26.86,Não
RA-1632,Aluno-1632,6L,Topázio,26.86,Não
RA-368,Aluno-368,3G,Agata,26.84,Não
RA-528,Aluno-528,3C,Ametista,26.74,Não
RA-127,Aluno-127,5A,Topázio,26.63,Não
RA-1555,Aluno-1555,3R,Ametista,26.57,Não
RA-807,Aluno-807,1R,Ametista,26.44,Não
RA-851,Aluno-851,1B,Agata,26.37,Não
RA-533,Aluno-533,FASE 1,Ametista,26.32,Não
RA-1490,Aluno-1490,2L,Ametista,26.28,Não
RA-854,Aluno-854,1G,Ametista,26.26,Não
RA-1151,Aluno-1151,4C,Topázio,26.24,Não
RA-1455,Aluno-1455,2A,Agata,26.19,Não
RA-113,Aluno-113,5G,Ametista,26.18,Não
RA-994,Aluno-994,ALFA,Ametista,26.05,Não
RA-30,Aluno-30,6,Ametista,25.97,Não
RA-290,Aluno-290,3,Quartzo,25.96,Não
RA-776,Aluno-776,1K,Quartzo,25.84,Não
RA-1449,Aluno-1449,1R,Ametista,25.82,Não
RA-929,Aluno-929,ALFA,Ametista,25.79,Não
RA-1071,Aluno-1071,2R,Quartzo,25.78,Não
RA-1412,Aluno-1412,1E,Topázio,25.78,Não
RA-204,Aluno-204,4B,Ametista,25.73,Não
RA-1026,Aluno-1026,FASE 1,Agata,25.57,Não
RA-220,Aluno-220,5B,Ametista,25.51,Não
RA-526,Aluno-526,3C,Ametista,25.41,Não
RA-1196,Aluno-1196,FASE 5,Ametista,25.38,Não
RA-341,Aluno-341,2,Ágata,25.11,Não
RA-1193,Aluno-1193,4L,Agata,25.1,Não
RA-1424,Aluno-1424,1J,Ametista,25.06,Não
RA-1447,Aluno-1447,1N,Ametista,24.98,Não
RA-867,Aluno-867,ALFA,Ametista,24.97,Não
RA-1533,Aluno-1533,3I,Topázio,24.93,Não
RA-746,Aluno-746,2I,Ametista,24.91,Não
RA-1176,Aluno-1176,5C,Topázio,24.85,Não
RA-1132,Aluno-1132,FASE 2,Agata,24.83,Não
RA-123,Aluno-123,6A,Agata,24.82,Não
RA-798,Aluno-798,2R,Quartzo,24.76,Não
RA-292,Aluno-292,3,Quartzo,24.72,Não
RA-806,Aluno-806,1R,Agata,24.68,Não
RA-974,Aluno-974,ALFA,Ametista,24.64,Não
RA-1422,Aluno-1422,1J,Ametista,24.55,Não
RA-475,Aluno-475,2,Ametista,24.52,Não
RA-1114,Aluno-1114,3M,Ametista,24.49,Não
RA-937,Aluno-937,ALFA,Topázio,24.43,Não
RA-799,Aluno-799,2R,Ametista,24.43,Não
RA-375,Aluno-375,3H,Ametista,24.43,Não
RA-161,Aluno-161,5L,Ametista,24.36,Não
RA-578,Aluno-578,3C,Topázio,24.32,Não
RA-330,Aluno-330,FASE 3,Agata,24.31,Não
RA-310,Aluno-310,3,Ágata,24.22,Não
RA-1601,Aluno-1601,5C,Ametista,24.21,Não
RA-1170,Aluno-1170,3P,Agata,24.15,Não
RA-1606,Aluno-1606,5D,Quartzo,24.11,Não
RA-1214,Aluno-1214,7A,Topázio,24.09,Não
RA-114,Aluno-114,FASE 5,Quartzo,24.09,Não
RA-975,Aluno-975,ALFA,Ametista,23.99,Não
RA-1554,Aluno-1554,3R,Agata,23.98,Não
RA-696,Aluno-696,2B,Ametista,23.98,Não
RA-214,Aluno-214,3,Quartzo,23.9,Não
RA-788,Aluno-788,2N,Ametista,23.84,Não
RA-1598,Aluno-1598,5B,Topázio,23.83,Não
RA-907,Aluno-907,ALFA,Ametista,23.81,Não
RA-1165,Aluno-1165,3L,Ametista,23.67,Não
RA-897,Aluno-897,ALFA,Quartzo,23.67,Não
RA-938,Aluno-938,ALFA,Topázio,23.62,Não
RA-416,Aluno-416,4M,Topázio,23.52,Não
RA-1090,Aluno-1090,3D,Ametista,23.5,Não
RA-1013,Aluno-1013,ALFA,Quartzo,23.48,Não
RA-692,Aluno-692,FASE 1,Agata,23.45,Não
RA-1576,Aluno-1576,4C,Ametista,23.42,Não
RA-253,Aluno-253,3,Quartzo,23.32,Não
RA-1119,Aluno-1119,3M,Ametista,23.32,Não
RA-1541,Aluno-1541,3M,Topázio,23.31,Não
RA-794,Aluno-794,1K,Ametista,23.3,Não
RA-1436,Aluno-1436,1M,Ametista,23.22,Não
RA-1597,Aluno-1597,4R,Agata,23.21,Não
RA-1083,Aluno-1083,FASE 2,Topázio,23.13,Não
RA-1211,Aluno-1211,FASE 5,Ametista,23.05,Não
RA-454,Aluno-454,4R,Quartzo,23.04,Não
RA-1320,Aluno-1320,ALFA,Ametista,23.01,Não
RA-44,Aluno-44,FASE 6,Agata,22.94,Não
RA-156,Aluno-156,4,Ametista,22.9,Não
RA-764,Aluno-764,2N,Ametista,22.86,Não
RA-18,Aluno-18,7,Ametista,22.84,Não
RA-521,Aluno-521,2A,Ametista,22.82,Não
RA-219,Aluno-219,3,Quartzo,22.81,Não
RA-1573,Aluno-1573,4C,Agata,22.79,Não
RA-520,Aluno-520,1,Ametista,22.71,Não
RA-930,Aluno-930,ALFA,Ametista,22.67,Não
RA-139,Aluno-139,4,Quartzo,22.63,Não
RA-704,Aluno-704,1H,Agata,22.6,Não
RA-886,Aluno-886,ALFA,Topázio,22.58,Não
RA-863,Aluno-863,ALFA,Quartzo,22.55,Não
RA-271,Aluno-271,5M,Ametista,22.43,Não
RA-719,Aluno-719,1J,Ametista,22.41,Não
RA-1205,Aluno-1205,FASE 5,Agata,22.35,Não
RA-1043,Aluno-1043,1H,Ametista,22.3,Não
RA-372,Aluno-372,2,Ametista,22.3,Não
RA-655,Aluno-655,3R,Topázio,22.21,Não
RA-1154,Aluno-1154,3G,Ametista,22.2,Não
RA-804,Aluno-804,FASE 1,Ametista,22.2,Não
RA-275,Aluno-275,3,Ágata,22.17,Não
RA-479,Aluno-479,3C,Topázio,22.07,Não
RA-1466,Aluno-1466,2D,Topázio,22.04,Não
RA-624,Aluno-624,2L,Ametista,21.97,Não
RA-729,Aluno-729,ALFA,Agata,21.83,Não
RA-802,Aluno-802,2R,Ametista,21.82,Não
RA-734,Aluno-734,FASE 1,Ametista,21.8,Não
RA-1041,Aluno-1041,FASE 1,Agata,21.77,Não
RA-991,Aluno-991,1A,Ametista,21.71,Não
RA-1396,Aluno-1396,1A,Ametista,21.69,Não
RA-287,Aluno-287,FASE 4,Quartzo,21.68,Não
RA-699,Aluno-699,1A,Agata,21.62,Não
RA-810,Aluno-810,1P,Ametista,21.55,Não
RA-1551,Aluno-1551,3P,Quartzo,21.53,Não
RA-1167,Aluno-1167,FASE 3,Agata,21.52,Não
RA-1304,Aluno-1304,ALFA,Ametista,21.47,Não
RA-1044,Aluno-1044,2G,Ametista,21.39,Não
RA-289,Aluno-289,3,Ágata,21.36,Não
RA-1384,Aluno-1384,ALFA,Agata,21.26,Não
RA-70,Aluno-70,FASE 5,Agata,21.24,Não
RA-539,Aluno-539,3G,Topázio,21.23,Não
RA-895,Aluno-895,ALFA,Topázio,21.21,Não
RA-1476,Aluno-1476,2K,Topázio,21.2,Não
RA-787,Aluno-787,ALFA,Ametista,21.12,Não
RA-1465,Aluno-1465,2D,Ametista,21.11,Não
RA-790,Aluno-790,2U,Agata,21.05,Não
RA-1452,Aluno-1452,2A,Topázio,20.96,Não
RA-398,Aluno-398,3U,Ametista,20.95,Não
RA-1571,Aluno-1571,4B,Ametista,20.93,Não
RA-527,Aluno-527,2D,Topázio,20.91,Não
RA-346,Aluno-346,3A,Ametista,20.8,Não
RA-934,Aluno-934,ALFA,Topázio,20.78,Não
RA-413,Aluno-413,FASE 2,Agata,20.73,Não
RA-86,Aluno-86,7E,Ametista,20.71,Não
RA-1143,Aluno-1143,3A,Quartzo,20.68,Não
RA-254,Aluno-254,FASE 4,Nan,20.65,Não
RA-902,Aluno-902,ALFA,Quartzo,20.59,Não
RA-1408,Aluno-1408,1D,Ametista,20.49,Não
RA-905,Aluno-905,ALFA,Agata,20.42,Não
RA-1038,Aluno-1038,2I,Ametista,20.38,Não
RA-941,Aluno-941,ALFA,Ametista,20.34,Não
RA-1169,Aluno-1169,4N,Agata,20.32,Não
RA-927,Aluno-927,1G,Ametista,20.31,Não
RA-207,Aluno-207,3,Quartzo,20.3,Não
RA-814,Aluno-814,2P,Ametista,20.25,Não
RA-51,Aluno-51,5,Ágata,20.22,Não
RA-1467,Aluno-1467,2D,Topázio,20.21,Não
RA-185,Aluno-185,3,Ágata,20.18,Não
RA-625,Aluno-625,1,Ametista,20.11,Não
RA-104,Aluno-104,FASE 5,Quartzo,20.09,Não
RA-1152,Aluno-1152,FASE 3,Agata,20.07,Não
RA-801,Aluno-801,1R,Agata,20.06,Não
RA-440,Aluno-440,FASE 3,Agata,19.96,Não
RA-307,Aluno-307,FASE 3,Agata,19.93,Não
RA-1414,Aluno-1414,1E,Topázio,19.88,Não
RA-190,Aluno-190,FASE 3,Agata,19.84,Não
RA-211,Aluno-211,5A,Topázio,19.75,Não
RA-1120,Aluno-1120,FASE 2,Topázio,19.72,Não
RA-82,Aluno-82,5,Ágata,19.7,Não
RA-778,Aluno-778,2K,Topázio,19.65,Não
RA-259,Aluno-259,3,Quartzo,19.65,Não
RA-1409,Aluno-1409,1D,Ametista,19.63,Não
RA-264,Aluno-264,3,Ametista,19.62,Não
RA-300,Aluno-300,FASE 3,Quartzo,19.62,Não
RA-325,Aluno-325,3C,Topázio,19.54,Não
RA-535,Aluno-535,3H,Ametista,19.52,Não
RA-1144,Aluno-1144,FASE 3,Ametista,19.51,Não
RA-1575,Aluno-1575,4C,Ametista,19.46,Não
RA-725,Aluno-725,ALFA,Ametista,19.43,Não
RA-523,Aluno-523,1,Ametista,19.4,Não
RA-189,Aluno-189,5A,Topázio,19.38,Não
RA-1584,Aluno-1584,4L,Ametista,19.35,Não
RA-491,Aluno-491,2B,Agata,19.35,Não
RA-1127,Aluno-1127,3N,Topázio,19.34,Não
RA-131,Aluno-131,5F,Ametista,19.32,Não
RA-1510,Aluno-1510,2R,Topázio,19.23,Não
RA-354,Aluno-354,2,Quartzo,19.22,Não
RA-80,Aluno-80,7A,Topázio,19.17,Não
RA-494,Aluno-494,3A,Ametista,19.14,Não
RA-328,Aluno-328,2,Ágata,19.03,Não
RA-1063,Aluno-1063,2N,Ametista,18.93,Não
RA-1161,Aluno-1161,FASE 3,Ametista,18.91,Não
RA-302,Aluno-302,FASE 5,Quartzo,18.89,Não
RA-562,Aluno-562,3I,Topázio,18.89,Não
RA-125,Aluno-125,6A,Agata,18.85,Não
RA-855,Aluno-855,2I,Topázio,18.78,Não
RA-792,Aluno-792,1N,Agata,18.62,Não
RA-1464,Aluno-1464,2D,Ametista,18.57,Não
RA-884,Aluno-884,ALFA,Topázio,18.55,Não
RA-1558,Aluno-1558,4A,Ametista,18.48,Não
RA-1630,Aluno-1630,6L,Topázio,18.47,Não
RA-1209,Aluno-1209,FASE 5,Ametista,18.45,Não
RA-1140,Aluno-1140,2P,Ametista,18.44,Não
RA-57,Aluno-57,7A,Ametista,18.44,Não
RA-1445,Aluno-1445,1N,Ametista,18.42,Não
RA-600,Aluno-600,2L,Ametista,18.41,Não
RA-1173,Aluno-1173,5D,Topázio,18.33,Não
RA-1537,Aluno-1537,3I,Topázio,18.2,Não
RA-68,Aluno-68,5,Ágata,18.16,Não
RA-130,Aluno-130,4,Quartzo,18.12,Não
RA-1562,Aluno-1562,4B,Quartzo,18.11,Não
RA-217,Aluno-217,5A,Ametista,18.11,Não
RA-885,Aluno-885,ALFA,Topázio,18.05,Não
RA-41,Aluno-41,5,Quartzo,18.04,Não
RA-779,Aluno-779,0,Quartzo,18.04,Não
RA-507,Aluno-507,1,Ametista,18.04,Não
RA-632,Aluno-632,3P,Ametista,18.02,Não
RA-1604,Aluno-1604,5C,Topázio,17.9,Não
RA-1394,Aluno-1394,1A,Ametista,17.9,Não
RA-20,Aluno-20,7,Ametista,17.9,Não
RA-48,Aluno-48,7A,Topázio,17.83,Não
RA-364,Aluno-364,3G,Topázio,17.82,Não
RA-591,Aluno-591,2K,Agata,17.8,Não
RA-1399,Aluno-1399,1B,Ametista,17.77,Não
RA-426,Aluno-426,4L,Agata,17.74,Não
RA-618,Aluno-618,3K,Agata,17.72,Não
RA-92,Aluno-92,7A,Topázio,17.62,Não
RA-712,Aluno-712,2H,Agata,17.61,Não
RA-175,Aluno-175,6L,Topázio,17.59,Não
RA-607,Aluno-607,2K,Ametista,17.55,Não
RA-1184,Aluno-1184,5F,Ametista,17.54,Não
RA-853,Aluno-853,1G,Ametista,17.53,Não
RA-228,Aluno-228,3,Ágata,17.52,Não
RA-106,Aluno-106,6A,Ametista,17.42,Não
RA-842,Aluno-842,1G,Ametista,17.14,Não
RA-66,Aluno-66,5,Quartzo,17.14,Não
RA-889,Aluno-889,ALFA,Topázio,17.1,Não
RA-707,Aluno-707,2G,Agata,17.09,Não
RA-1440,Aluno-1440,1M,Ametista,17.04,Não
RA-1206,Aluno-1206,FASE 5,Agata,17.0,Não
RA-1469,Aluno-1469,2D,Ametista,17.0,Não
RA-288,Aluno-288,3,Quartzo,16.87,Não
RA-1029,Aluno-1029,1C,Ametista,16.82,Não
RA-1627,Aluno-1627,6A,Ametista,16.81,Não
RA-512,Aluno-512,1,Ametista,16.79,Não
RA-570,Aluno-570,2H,Agata,16.72,Não
RA-164,Aluno-164,5L,Agata,16.62,Não
RA-1603,Aluno-1603,5C,Ametista,16.61,Não
RA-311,Aluno-311,3,Quartzo,16.6,Não
RA-541,Aluno-541,1,Quartzo,16.59,Não
RA-129,Aluno-129,4,Ágata,16.53,Não
RA-1109,Aluno-1109,FASE 2,Agata,16.51,Não
RA-384,Aluno-384,4F,Topázio,16.5,Não
RA-762,Aluno-762,2K,Quartzo,16.5,Não
RA-1463,Aluno-1463,2D,Topázio,16.5,Não
RA-263,Aluno-263,3,Quartzo,16.47,Não
RA-878,Aluno-878,1B,Agata,16.47,Não
RA-1563,Aluno-1563,4B,Ametista,16.39,Não
RA-221,Aluno-221,FASE 3,Agata,16.36,Não
RA-688,Aluno-688,2B,Topázio,16.19,Não
RA-823,Aluno-823,0,Quartzo,16.08,Não
RA-60,Aluno-60,5,Quartzo,16.01,Não
RA-1039,Aluno-1039,2I,Ametista,15.99,Não
RA-751,Aluno-751,0,Quartzo,15.96,Não
RA-1103,Aluno-1103,2H,Ametista,15.96,Não
RA-262,Aluno-262,4F,Quartzo,15.91,Não
RA-1188,Aluno-1188,5G,Ametista,15.82,Não
RA-796,Aluno-796,2P,Ametista,15.73,Não
RA-1282,Aluno-1282,ALFA,Ametista,15.55,Não
RA-1624,Aluno-1624,6A,Ametista,15.53,Não
RA-1420,Aluno-1420,1H,Quartzo,15.43,Não
RA-1066,Aluno-1066,2L,Ametista,15.37,Não
RA-710,Aluno-710,2G,Ametista,15.37,Não
RA-55,Aluno-55,FASE 6,Agata,15.31,Não
RA-338,Aluno-338,4B,Topázio,15.29,Não
RA-1186,Aluno-1186,FASE 4,Ametista,15.26,Não
RA-663,Aluno-663,2L,Agata,15.26,Não
RA-61,Aluno-61,FASE 6,Ametista,15.21,Não
RA-1454,Aluno-1454,2A,Ametista,15.17,Não
RA-832,Aluno-832,2U,Topázio,15.14,Não
RA-1453,Aluno-1453,2A,Ametista,15.08,Não
RA-73,Aluno-73,5,Quartzo,14.96,Não
RA-488,Aluno-488,1,Ametista,14.95,Não
RA-1631,Aluno-1631,6L,Topázio,14.9,Não
RA-108,Aluno-108,FASE 5,Quartzo,14.9,Não
RA-1189,Aluno-1189,5G,Ametista,14.89,Não
RA-590,Aluno-590,2U,Agata,14.86,Não
RA-504,Aluno-504,FASE 1,Topázio,14.79,Não
RA-313,Aluno-313,4L,Ametista,14.71,Não
RA-64,Aluno-64,7A,Topázio,14.67,Não
RA-1124,Aluno-1124,FASE 2,Agata,14.67,Não
RA-374,Aluno-374,FASE 3,Ametista,14.65,Não
RA-15,Aluno-15,7,Ametista,14.63,Não
RA-965,Aluno-965,ALFA,Agata,14.59,Não
RA-1410,Aluno-1410,1E,Ametista,14.56,Não
RA-797,Aluno-797,2P,Agata,14.51,Não
RA-1612,Aluno-1612,5F,Ametista,14.47,Não
RA-301,Aluno-301,4M,Topázio,14.44,Não
RA-888,Aluno-888,ALFA,Topázio,14.42,Não
RA-1561,Aluno-1561,4A,Ametista,14.4,Não
RA-1069,Aluno-1069,2K,Ametista,14.39,Não
RA-315,Aluno-315,4M,Agata,14.36,Não
RA-171,Aluno-171,6L,Ametista,14.3,Não
RA-1299,Aluno-1299,ALFA,Ametista,14.25,Não
RA-34,Aluno-34,FASE 8,Nan,14.23,Não
RA-768,Aluno-768,1N,Ametista,14.21,Não
RA-955,Aluno-955,1K,Agata,14.2,Não
RA-397,Aluno-397,4A,Agata,14.17,Não
RA-939,Aluno-939,1N,Ametista,14.11,Não
RA-581,Aluno-581,2H,Ametista,14.05,Não
RA-5,Aluno-5,FASE 8,Nan,14.0,Não
RA-1430,Aluno-1430,1L,Ametista,13.99,Não
RA-1213,Aluno-1213,FASE 5,Quartzo,13.97,Não
RA-381,Aluno-381,3G,Quartzo,13.83,Não
RA-1080,Aluno-1080,FASE 2,Agata,13.81,Não
RA-1121,Aluno-1121,3K,Topázio,13.78,Não
RA-45,Aluno-45,7A,Topázio,13.72,Não
RA-1574,Aluno-1574,4C,Ametista,13.71,Não
RA-342,Aluno-342,4C,Agata,13.63,Não
RA-403,Aluno-403,3K,Topázio,13.6,Não
RA-850,Aluno-850,1C,Ametista,13.6,Não
RA-182,Aluno-182,3,Ágata,13.59,Não
RA-1337,Aluno-1337,ALFA,Agata,13.59,Não
RA-756,Aluno-756,ALFA,Ametista,13.56,Não
RA-81,Aluno-81,6L,Topázio,13.5,Não
RA-1305,Aluno-1305,ALFA,Agata,13.44,Não
RA-348,Aluno-348,FASE 2,Agata,13.39,Não
RA-430,Aluno-430,FASE 3,Ametista,13.38,Não
RA-249,Aluno-249,4F,Agata,13.38,Não
RA-393,Aluno-393,2,Quartzo,13.32,Não
RA-550,Aluno-550,1,Ágata,13.31,Não
RA-138,Aluno-138,5F,Ametista,13.27,Não
RA-647,Aluno-647,FASE 1,Ametista,13.27,Não
RA-1442,Aluno-1442,1M,Ametista,13.21,Não
RA-1349,Aluno-1349,ALFA,Ametista,13.14,Não
RA-524,Aluno-524,3C,Ametista,13.13,Não
RA-677,Aluno-677,ALFA,Topázio,13.12,Não
RA-1163,Aluno-1163,4M,Topázio,13.11,Não
RA-690,Aluno-690,1E,Ametista,13.09,Não
RA-686,Aluno-686,2C,Topázio,13.01,Não
RA-112,Aluno-112,6A,Topázio,13.01,Não
RA-747,Aluno-747,1K,Quartzo,12.99,Não
RA-634,Aluno-634,1,Ametista,12.97,Não
RA-558,Aluno-558,3F,Quartzo,12.94,Não
RA-1220,Aluno-1220,6L,Ametista,12.94,Não
RA-56,Aluno-56,7A,Topázio,12.92,Não
RA-1004,Aluno-1004,ALFA,Ametista,12.84,Não
RA-721,Aluno-721,2G,Topázio,12.77,Não
RA-1072,Aluno-1072,3B,Ametista,12.76,Não
RA-505,Aluno-505,1,Ametista,12.74,Não
RA-650,Aluno-650,1,Ágata,12.7,Não
RA-657,Aluno-657,3R,Topázio,12.69,Não
RA-574,Aluno-574,FASE 2,Ametista,12.68,Não
RA-1146,Aluno-1146,3C,Quartzo,12.64,Não
RA-594,Aluno-594,2M,Agata,12.59,Não
RA-1332,Aluno-1332,ALFA,Topázio,12.59,Não
RA-1075,Aluno-1075,2A,Agata,12.55,Não
RA-646,Aluno-646,3P,Ametista,12.55,Não
RA-200,Aluno-200,FASE 4,Quartzo,12.52,Não
RA-285,Aluno-285,FASE 4,Quartzo,12.47,Não
RA-333,Aluno-333,2,Quartzo,12.45,Não
RA-116,Aluno-116,5A,Agata,12.34,Não
RA-1023,Aluno-1023,2B,Topázio,12.3,Não
RA-343,Aluno-343,FASE 3,Agata,12.27,Não
RA-963,Aluno-963,1R,Topázio,12.25,Não
RA-553,Aluno-553,1,Ágata,12.21,Não
RA-94,Aluno-94,6L,Topázio,12.19,Não
RA-653,Aluno-653,3R,Topázio,12.16,Não
RA-111,Aluno-111,5B,Topázio,12.13,Não
RA-174,Aluno-174,FASE 4,Agata,12.1,Não
RA-785,Aluno-785,2U,Topázio,12.1,Não
RA-737,Aluno-737,2H,Topázio,12.08,Não
RA-46,Aluno-46,FASE 5,Quartzo,12.05,Não
RA-78,Aluno-78,7A,Topázio,12.03,Não
RA-132,Aluno-132,6A,Topázio,12.02,Não
RA-1203,Aluno-1203,6L,Topázio,11.92,Não
RA-406,Aluno-406,2,Ametista,11.92,Não
RA-962,Aluno-962,ALFA,Topázio,11.91,Não
RA-958,Aluno-958,1M,Topázio,11.89,Não
RA-1572,Aluno-1572,4C,Topázio,11.88,Não
RA-110,Aluno-110,5A,Topázio,11.85,Não
RA-202,Aluno-202,5C,Ametista,11.85,Não
RA-183,Aluno-183,4A,Topázio,11.78,Não
RA-703,Aluno-703,ALFA,Agata,11.77,Não
RA-1487,Aluno-1487,2L,Topázio,11.75,Não
RA-324,Aluno-324,FASE 2,Ametista,11.75,Não
RA-441,Aluno-441,2,Topázio,11.71,Não
RA-717,Aluno-717,FASE 1,Agata,11.66,Não
RA-827,Aluno-827,2K,Topázio,11.63,Não
RA-940,Aluno-940,ALFA,Agata,11.54,Não
RA-614,Aluno-614,3U,Ametista,11.53,Não
RA-1030,Aluno-1030,2D,Ametista,11.51,Não
RA-1495,Aluno-1495,2M,Topázio,11.5,Não
RA-1622,Aluno-1622,5N,Topázio,11.48,Não
RA-320,Aluno-320,5M,Topázio,11.48,Não
RA-1064,Aluno-1064,2N,Topázio,11.48,Não
RA-1086,Aluno-1086,FASE 2,Ametista,11.48,Não
RA-1484,Aluno-1484,2L,Ametista,11.43,Não
RA-1583,Aluno-1583,4H,Ametista,11.43,Não
RA-577,Aluno-577,2H,Agata,11.42,Não
RA-294,Aluno-294,3,Quartzo,11.39,Não
RA-260,Aluno-260,4F,Topázio,11.32,Não
RA-498,Aluno-498,1,Ametista,11.31,Não
RA-575,Aluno-575,1,Quartzo,11.3,Não
RA-1036,Aluno-1036,2H,Topázio,11.22,Não
RA-266,Aluno-266,3,Quartzo,11.19,Não
RA-1448,Aluno-1448,1P,Ametista,11.13,Não
RA-1093,Aluno-1093,3D,Topázio,11.12,Não
RA-872,Aluno-872,ALFA,Quartzo,10.99,Não
RA-58,Aluno-58,7A,Topázio,10.99,Não
RA-502,Aluno-502,2D,Topázio,10.98,Não
RA-563,Aluno-563,3H,Topázio,10.94,Não
RA-1406,Aluno-1406,1D,Ametista,10.92,Não
RA-996,Aluno-996,ALFA,Topázio,10.9,Não
RA-1037,Aluno-1037,FASE 1,Ametista,10.9,Não
RA-1568,Aluno-1568,4B,Ametista,10.88,Não
RA-875,Aluno-875,ALFA,Topázio,10.84,Não
RA-137,Aluno-137,5F,Agata,10.78,Não
RA-409,Aluno-409,3K,Topázio,10.78,Não
RA-492,Aluno-492,1,Ametista,10.77,Não
RA-926,Aluno-926,1G,Ametista,10.76,Não
RA-265,Aluno-265,FASE 4,Nan,10.75,Não
RA-1025,Aluno-1025,1A,Ametista,10.72,Não
RA-1034,Aluno-1034,2B,Topázio,10.68,Não
RA-793,Aluno-793,0,Ágata,10.63,Não
RA-738,Aluno-738,1H,Ametista,10.59,Não
RA-780,Aluno-780,1L,Ametista,10.58,Não
RA-425,Aluno-425,4M,Topázio,10.57,Não
RA-628,Aluno-628,2U,Topázio,10.57,Não
RA-1061,Aluno-1061,2M,Topázio,10.54,Não
RA-1020,Aluno-1020,1A,Topázio,10.53,Não
RA-1177,Aluno-1177,5C,Topázio,10.47,Não
RA-782,Aluno-782,1L,Topázio,10.47,Não
RA-659,Aluno-659,1,Ametista,10.46,Não
RA-1432,Aluno-1432,1M,Topázio,10.45,Não
RA-1570,Aluno-1570,4B,Ametista,10.43,Não
RA-565,Aluno-565,1,Quartzo,10.42,Não
RA-950,Aluno-950,ALFA,Ametista,10.4,Não
RA-456,Aluno-456,3R,Topázio,10.39,Não
RA-580,Aluno-580,2H,Ametista,10.39,Não
RA-1596,Aluno-1596,4R,Ametista,10.38,Não
RA-453,Aluno-453,2,Ametista,10.37,Não
RA-1593,Aluno-1593,4N,Agata,10.36,Não
RA-79,Aluno-79,FASE 6,Agata,10.36,Não
RA-1045,Aluno-1045,FASE 1,Topázio,10.35,Não
RA-197,Aluno-197,5C,Topázio,10.32,Não
RA-155,Aluno-155,8F,Nan,10.31,Não
RA-334,Aluno-334,2,Ametista,10.26,Não
RA-743,Aluno-743,1C,Ametista,10.24,Não
RA-22,Aluno-22,6,Ametista,10.22,Não
RA-1243,Aluno-1243,FASE 8,Nan,10.21,Não
RA-1247,Aluno-1247,FASE 8,Nan,10.21,Não
RA-637,Aluno-637,2P,Ametista,10.19,Não
RA-357,Aluno-357,3I,Ametista,10.19,Não
RA-551,Aluno-551,FASE 2,Ametista,10.18,Não
RA-165,Aluno-165,5L,Topázio,10.17,Não
RA-303,Aluno-303,4M,Agata,10.11,Não
RA-644,Aluno-644,FASE 2,Agata,10.11,Não
RA-353,Aluno-353,FASE 3,Topázio,10.08,Não
RA-576,Aluno-576,2H,Topázio,10.07,Não
RA-772,Aluno-772,FASE 1,Quartzo,10.07,Não
RA-1040,Aluno-1040,2I,Ametista,10.04,Não
RA-370,Aluno-370,2,Ametista,10.03,Não
RA-1428,Aluno-1428,1L,Topázio,9.98,Não
RA-973,Aluno-973,ALFA,Agata,9.97,Não
RA-1609,Aluno-1609,5F,Ametista,9.96,Não
RA-487,Aluno-487,3A,Topázio,9.95,Não
RA-103,Aluno-103,5A,Topázio,9.89,Não
RA-1294,Aluno-1294,ALFA,Ametista,9.87,Não
RA-1022,Aluno-1022,1A,Ametista,9.85,Não
RA-437,Aluno-437,FASE 2,Agata,9.76,Não
RA-531,Aluno-531,3B,Ametista,9.75,Não
RA-1621,Aluno-1621,5N,Topázio,9.73,Não
RA-769,Aluno-769,1K,Ametista,9.73,Não
RA-984,Aluno-984,1R,Topázio,9.68,Não
RA-316,Aluno-316,5M,Topázio,9.66,Não
RA-736,Aluno-736,FASE 1,Ametista,9.65,Não
RA-1587,Aluno-1587,4L,Ametista,9.64,Não
RA-808,Aluno-808,1R,Topázio,9.63,Não
RA-412,Aluno-412,4M,Topázio,9.62,Não
RA-745,Aluno-745,2I,Topázio,9.62,Não
RA-1335,Aluno-1335,ALFA,Topázio,9.61,Não
RA-84,Aluno-84,FASE 6,Agata,9.58,Não
RA-145,Aluno-145,FASE 4,Nan,9.58,Não
RA-1433,Aluno-1433,1M,Topázio,9.53,Não
RA-964,Aluno-964,1R,Ametista,9.51,Não
RA-1437,Aluno-1437,1M,Ametista,9.5,Não
RA-1429,Aluno-1429,1L,Topázio,9.48,Não
RA-1131,Aluno-1131,3K,Topázio,9.47,Não
RA-170,Aluno-170,4R,Ametista,9.45,Não
RA-916,Aluno-916,ALFA,Quartzo,9.4,Não
RA-1094,Aluno-1094,3D,Topázio,9.36,Não
RA-761,Aluno-761,2M,Topázio,9.33,Não
RA-861,Aluno-861,ALFA,Topázio,9.25,Não
RA-995,Aluno-995,1E,Quartzo,9.25,Não
RA-1397,Aluno-1397,1A,Ametista,9.25,Não
RA-250,Aluno-250,4H,Topázio,9.23,Não
RA-722,Aluno-722,FASE 1,Ametista,9.21,Não
RA-417,Aluno-417,4L,Topázio,9.2,Não
RA-942,Aluno-942,ALFA,Agata,9.15,Não
RA-773,Aluno-773,ALFA,Agata,9.15,Não
RA-557,Aluno-557,3H,Topázio,9.15,Não
RA-85,Aluno-85,5N,Agata,9.15,Não
RA-83,Aluno-83,5,Ágata,9.14,Não
RA-781,Aluno-781,2N,Topázio,9.09,Não
RA-564,Aluno-564,1,Quartzo,9.07,Não
RA-1265,Aluno-1265,8D,Nan,9.05,Não
RA-351,Aluno-351,2,Ágata,9.02,Não
RA-666,Aluno-666,3L,Topázio,9.02,Não
RA-1403,Aluno-1403,1D,Topázio,8.98,Não
RA-568,Aluno-568,3F,Quartzo,8.97,Não
RA-830,Aluno-830,1L,Ametista,8.95,Não
RA-151,Aluno-151,FASE 5,Agata,8.94,Não
RA-840,Aluno-840,1G,Topázio,8.84,Não
RA-218,Aluno-218,FASE 4,Quartzo,8.83,Não
RA-1427,Aluno-1427,1J,Topázio,8.81,Não
RA-1050,Aluno-1050,FASE 1,Ametista,8.81,Não
RA-1350,Aluno-1350,ALFA,Topázio,8.8,Não
RA-1273,Aluno-1273,8E,Nan,8.73,Não
RA-561,Aluno-561,1,Ametista,8.71,Não
RA-1059,Aluno-1059,2M,Topázio,8.65,Não
RA-1224,Aluno-1224,8F,Nan,8.65,Não
RA-71,Aluno-71,FASE 6,Ametista,8.64,Não
RA-450,Aluno-450,4L,Ametista,8.58,Não
RA-91,Aluno-91,6L,Ametista,8.56,Não
RA-898,Aluno-898,1B,Ametista,8.41,Não
RA-243,Aluno-243,3,Ágata,8.4,Não
RA-500,Aluno-500,3D,Topázio,8.39,Não
RA-968,Aluno-968,1R,Ametista,8.39,Não
RA-1155,Aluno-1155,4F,Ametista,8.38,Não
RA-1636,Aluno-1636,8E,Nan,8.37,Não
RA-1634,Aluno-1634,8B,Nan,8.37,Não
RA-1635,Aluno-1635,8D,Nan,8.37,Não
RA-1633,Aluno-1633,8B,Nan,8.37,Não
RA-803,Aluno-803,0,Ágata,8.36,Não
RA-167,Aluno-167,6L,Topázio,8.33,Não
RA-922,Aluno-922,1C,Topázio,8.3,Não
RA-1142,Aluno-1142,3P,Topázio,8.3,Não
RA-687,Aluno-687,2D,Topázio,8.27,Não
RA-1590,Aluno-1590,4N,Topázio,8.26,Não
RA-88,Aluno-88,8E,Nan,8.25,Não
RA-36,Aluno-36,8E,Nan,8.25,Não
RA-49,Aluno-49,8E,Nan,8.25,Não
RA-12,Aluno-12,8E,Nan,8.25,Não
RA-1244,Aluno-1244,8B,Nan,8.25,Não
RA-35,Aluno-35,8E,Nan,8.25,Não
RA-1256,Aluno-1256,8D,Nan,8.25,Não
RA-1239,Aluno-1239,8B,Nan,8.25,Não
RA-1246,Aluno-1246,8B,Nan,8.25,Não
RA-1242,Aluno-1242,8B,Nan,8.25,Não
RA-1241,Aluno-1241,8B,Nan,8.25,Não
RA-1253,Aluno-1253,8D,Nan,8.25,Não
RA-1257,Aluno-1257,8D,Nan,8.25,Não
RA-1249,Aluno-1249,8B,Nan,8.25,Não
RA-1250,Aluno-1250,8B,Nan,8.25,Não
RA-1261,Aluno-1261,8D,Nan,8.25,Não
RA-7,Aluno-7,8E,Nan,8.25,Não
RA-2,Aluno-2,8E,Nan,8.25,Não
RA-14,Aluno-14,8E,Nan,8.25,Não
RA-13,Aluno-13,8D,Nan,8.25,Não
RA-26,Aluno-26,8F,Nan,8.25,Não
RA-17,Aluno-17,8E,Nan,8.25,Não
RA-1599,Aluno-1599,5B,Ametista,8.25,Não
RA-1269,Aluno-1269,8E,Nan,8.25,Não
RA-1272,Aluno-1272,8E,Nan,8.25,Não
RA-21,Aluno-21,8E,Nan,8.25,Não
RA-23,Aluno-23,8E,Nan,8.25,Não
RA-1274,Aluno-1274,8E,Nan,8.25,Não
RA-1263,Aluno-1263,8D,Nan,8.25,Não
RA-1264,Aluno-1264,8D,Nan,8.25,Não
RA-1270,Aluno-1270,8E,Nan,8.25,Não
RA-25,Aluno-25,8E,Nan,8.25,Não
RA-1271,Aluno-1271,8E,Nan,8.25,Não
RA-6,Aluno-6,8E,Nan,8.25,Não
RA-31,Aluno-31,8E,Nan,8.25,Não
RA-29,Aluno-29,8E,Nan,8.25,Não
RA-1225,Aluno-1225,8F,Nan,8.25,Não
RA-1245,Aluno-1245,8B,Nan,8.25,Não
RA-1236,Aluno-1236,8A,Nan,8.25,Não
RA-1234,Aluno-1234,8A,Nan,8.25,Não
RA-1248,Aluno-1248,8B,Nan,8.25,Não
RA-1,Aluno-1,8E,Nan,8.25,Não
RA-1240,Aluno-1240,8B,Nan,8.25,Não
RA-1255,Aluno-1255,8D,Nan,8.25,Não
RA-1251,Aluno-1251,8B,Nan,8.25,Não
RA-1262,Aluno-1262,8D,Nan,8.25,Não
RA-1259,Aluno-1259,8D,Nan,8.25,Não
RA-1021,Aluno-1021,1A,Topázio,8.2,Não
RA-893,Aluno-893,1B,Topázio,8.18,Não
RA-1472,Aluno-1472,2G,Topázio,8.18,Não
RA-1150,Aluno-1150,4C,Ametista,8.18,Não
RA-1580,Aluno-1580,4F,Ametista,8.16,Não
RA-53,Aluno-53,FASE 6,Ametista,8.15,Não
RA-152,Aluno-152,5L,Agata,8.14,Não
RA-1157,Aluno-1157,3H,Ametista,8.05,Não
RA-96,Aluno-96,8F,Nan,8.03,Não
RA-708,Aluno-708,ALFA,Ametista,7.99,Não
RA-622,Aluno-622,1,Quartzo,7.97,Não
RA-237,Aluno-237,5F,Ametista,7.94,Não
RA-999,Aluno-999,ALFA,Topázio,7.93,Não
RA-501,Aluno-501,2D,Topázio,7.92,Não
RA-149,Aluno-149,5D,Quartzo,7.92,Não
RA-1035,Aluno-1035,1C,Ametista,7.91,Não
RA-602,Aluno-602,3L,Topázio,7.87,Não
RA-39,Aluno-39,8F,Nan,7.86,Não
RA-24,Aluno-24,6,Topázio,7.83,Não
RA-1216,Aluno-1216,8F,Nan,7.83,Não
RA-1178,Aluno-1178,5D,Topázio,7.79,Não
RA-1434,Aluno-1434,1M,Topázio,7.78,Não
RA-816,Aluno-816,2P,Topázio,7.77,Não
RA-515,Aluno-515,1,Ágata,7.75,Não
RA-1398,Aluno-1398,1B,Ametista,7.74,Não
RA-373,Aluno-373,FASE 2,Agata,7.73,Não
RA-1081,Aluno-1081,4C,Topázio,7.73,Não
RA-1065,Aluno-1065,2N,Topázio,7.73,Não
RA-935,Aluno-935,ALFA,Topázio,7.72,Não
RA-1567,Aluno-1567,4B,Ametista,7.72,Não
RA-438,Aluno-438,2K,Ametista,7.69,Não
RA-784,Aluno-784,2M,Topázio,7.69,Não
RA-587,Aluno-587,1L,Agata,7.68,Não
RA-826,Aluno-826,1L,Ametista,7.66,Não
RA-1566,Aluno-1566,4B,Ametista,7.66,Não
RA-775,Aluno-775,0,Quartzo,7.61,Não
RA-540,Aluno-540,FASE 2,Topázio,7.6,Não
RA-786,Aluno-786,0,Ágata,7.59,Não
RA-519,Aluno-519,FASE 1,Topázio,7.56,Não
RA-1068,Aluno-1068,2R,Topázio,7.52,Não
RA-222,Aluno-222,3,Quartzo,7.5,Não
RA-619,Aluno-619,FASE 2,Ametista,7.49,Não
RA-27,Aluno-27,8F,Nan,7.49,Não
RA-730,Aluno-730,2I,Topázio,7.48,Não
RA-115,Aluno-115,5A,Quartzo,7.47,Não
RA-159,Aluno-159,FASE 4,Agata,7.42,Não
RA-1221,Aluno-1221,8F,Nan,7.35,Não
RA-483,Aluno-483,2B,Agata,7.34,Não
RA-919,Aluno-919,ALFA,Quartzo,7.28,Não
RA-451,Aluno-451,FASE 2,Topázio,7.25,Não
RA-1175,Aluno-1175,FASE 4,Quartzo,7.18,Não
RA-1283,Aluno-1283,ALFA,Topázio,7.15,Não
RA-1438,Aluno-1438,1M,Topázio,7.14,Não
RA-554,Aluno-554,1,Quartzo,7.12,Não
RA-891,Aluno-891,ALFA,Topázio,6.99,Não
RA-1105,Aluno-1105,FASE 2,Agata,6.91,Não
RA-911,Aluno-911,1G,Quartzo,6.86,Não
RA-522,Aluno-522,2D,Topázio,6.86,Não
RA-833,Aluno-833,2U,Topázio,6.85,Não
RA-1032,Aluno-1032,1C,Topázio,6.85,Não
RA-862,Aluno-862,ALFA,Ametista,6.84,Não
RA-545,Aluno-545,1,Ágata,6.75,Não
RA-1195,Aluno-1195,5N,Ametista,6.71,Não
RA-173,Aluno-173,8F,Nan,6.69,Não
RA-791,Aluno-791,FASE 1,Agata,6.69,Não
RA-988,Aluno-988,1P,Topázio,6.63,Não
RA-62,Aluno-62,8F,Nan,6.62,Não
RA-38,Aluno-38,8F,Nan,6.62,Não
RA-1033,Aluno-1033,FASE 1,Topázio,6.62,Não
RA-19,Aluno-19,8F,Nan,6.62,Não
RA-1062,Aluno-1062,1L,Ametista,6.61,Não
RA-192,Aluno-192,5B,Agata,6.61,Não
RA-283,Aluno-283,4N,Ametista,6.61,Não
RA-1024,Aluno-1024,1B,Topázio,6.6,Não
RA-1166,Aluno-1166,4M,Ametista,6.59,Não
RA-1088,Aluno-1088,FASE 2,Ametista,6.56,Não
RA-648,Aluno-648,1,Ágata,6.49,Não
RA-749,Aluno-749,ALFA,Topázio,6.48,Não
RA-874,Aluno-874,1E,Ametista,6.48,Não
RA-1443,Aluno-1443,1N,Agata,6.44,Não
RA-909,Aluno-909,ALFA,Ametista,6.42,Não
RA-150,Aluno-150,4,Ágata,6.41,Não
RA-201,Aluno-201,3,Ametista,6.41,Não
RA-1002,Aluno-1002,ALFA,Ametista,6.38,Não
RA-727,Aluno-727,1G,Topázio,6.38,Não
RA-621,Aluno-621,1,Ametista,6.38,Não
RA-735,Aluno-735,2H,Ametista,6.38,Não
RA-857,Aluno-857,ALFA,Topázio,6.37,Não
RA-1138,Aluno-1138,FASE 2,Topázio,6.37,Não
RA-912,Aluno-912,ALFA,Ametista,6.35,Não
RA-295,Aluno-295,FASE 4,Ametista,6.33,Não
RA-1431,Aluno-1431,1M,Ametista,6.32,Não
RA-640,Aluno-640,FASE 1,Agata,6.31,Não
RA-304,Aluno-304,3N,Agata,6.3,Não
RA-59,Aluno-59,8F,Nan,6.3,Não
RA-465,Aluno-465,FASE 3,Topázio,6.22,Não
RA-990,Aluno-990,1A,Ametista,6.22,Não
RA-1058,Aluno-1058,1K,Ametista,6.18,Não
RA-1018,Aluno-1018,1A,Ametista,6.18,Não
RA-187,Aluno-187,4C,Topázio,6.11,Não
RA-105,Aluno-105,4,Ágata,6.1,Não
RA-510,Aluno-510,1,Ametista,6.02,Não
RA-109,Aluno-109,FASE 6,Topázio,5.96,Não
RA-1001,Aluno-1001,1N,Ametista,5.94,Não
RA-506,Aluno-506,FASE 2,Ametista,5.91,Não
RA-1171,Aluno-1171,4R,Ametista,5.91,Não
RA-1439,Aluno-1439,1M,Topázio,5.85,Não
RA-750,Aluno-750,1B,Quartzo,5.83,Não
RA-378,Aluno-378,2,Ametista,5.78,Não
RA-759,Aluno-759,0,Ametista,5.71,Não
RA-601,Aluno-601,1K,Topázio,5.71,Não
RA-1201,Aluno-1201,5N,Topázio,5.7,Não
RA-834,Aluno-834,2L,Topázio,5.64,Não
RA-992,Aluno-992,ALFA,Ametista,5.61,Não
RA-683,Aluno-683,0,Ágata,5.6,Não
RA-612,Aluno-612,2M,Topázio,5.59,Não
RA-1052,Aluno-1052,1J,Ametista,5.55,Não
RA-1110,Aluno-1110,FASE 2,Ametista,5.54,Não
RA-733,Aluno-733,1J,Topázio,5.53,Não
RA-9,Aluno-9,7,Topázio,5.46,Não
RA-701,Aluno-701,ALFA,Ametista,5.4,Não
RA-617,Aluno-617,FASE 1,Agata,5.37,Não
RA-135,Aluno-135,4,Ametista,5.36,Não
RA-1056,Aluno-1056,1L,Topázio,5.35,Não
RA-754,Aluno-754,ALFA,Quartzo,5.34,Não
RA-1401,Aluno-1401,1C,Topázio,5.34,Não
RA-1085,Aluno-1085,FASE 2,Agata,5.3,Não
RA-1199,Aluno-1199,5D,Ametista,5.29,Não
RA-615,Aluno-615,FASE 1,Ametista,5.25,Não
RA-446,Aluno-446,2,Ametista,5.2,Não
RA-350,Aluno-350,FASE 2,Ametista,5.14,Não
RA-795,Aluno-795,1L,Topázio,5.07,Não
RA-146,Aluno-146,5D,Topázio,5.05,Não
RA-121,Aluno-121,5A,Ametista,5.01,Não
RA-944,Aluno-944,ALFA,Ametista,5.0,Não
RA-901,Aluno-901,ALFA,Ametista,4.96,Não
RA-1092,Aluno-1092,FASE 2,Ametista,4.95,Não
RA-966,Aluno-966,ALFA,Ametista,4.94,Não
RA-1104,Aluno-1104,FASE 2,Ametista,4.86,Não
RA-1055,Aluno-1055,1J,Agata,4.84,Não
RA-495,Aluno-495,FASE 2,Ametista,4.84,Não
RA-566,Aluno-566,FASE 2,Ametista,4.74,Não
RA-1067,Aluno-1067,1K,Ametista,4.71,Não
RA-654,Aluno-654,1,Ametista,4.7,Não
RA-913,Aluno-913,ALFA,Ametista,4.66,Não
RA-678,Aluno-678,FASE 1,Ametista,4.6,Não
RA-239,Aluno-239,4F,Agata,4.54,Não
RA-831,Aluno-831,1K,Topázio,4.52,Não
RA-671,Aluno-671,ALFA,Agata,4.48,Não
RA-879,Aluno-879,1A,Topázio,4.47,Não
RA-1091,Aluno-1091,FASE 2,Topázio,4.46,Não
RA-199,Aluno-199,4A,Ametista,4.43,Não
RA-1057,Aluno-1057,1L,Topázio,4.39,Não
RA-50,Aluno-50,5,Ametista,4.37,Não
RA-1078,Aluno-1078,FASE 2,Agata,4.35,Não
RA-611,Aluno-611,1,Ametista,4.34,Não
RA-766,Aluno-766,FASE 1,Topázio,4.28,Não
RA-682,Aluno-682,0,Ametista,4.25,Não
RA-894,Aluno-894,1C,Topázio,4.24,Não
RA-755,Aluno-755,1M,Topázio,4.22,Não
RA-702,Aluno-702,ALFA,Ametista,4.17,Não
RA-1579,Aluno-1579,4F,Ametista,4.16,Não
RA-748,Aluno-748,1K,Topázio,4.15,Não
RA-757,Aluno-757,1K,Ametista,4.09,Não
RA-742,Aluno-742,ALFA,Ametista,4.05,Não
RA-740,Aluno-740,1H,Topázio,4.03,Não
RA-1413,Aluno-1413,1E,Ametista,4.0,Não
RA-1153,Aluno-1153,4A,Topázio,3.98,Não
RA-443,Aluno-443,FASE 3,Agata,3.94,Não
RA-63,Aluno-63,FASE 6,Topázio,3.86,Não
RA-65,Aluno-65,5,Ametista,3.75,Não
RA-525,Aluno-525,FASE 2,Ametista,3.7,Não
RA-753,Aluno-753,1K,Topázio,3.59,Não
RA-822,Aluno-822,1H,Quartzo,3.5,Não
RA-1028,Aluno-1028,1B,Ametista,3.41,Não
RA-569,Aluno-569,1,Ametista,3.32,Não
RA-552,Aluno-552,FASE 1,Quartzo,3.27,Não
RA-697,Aluno-697,0,Ametista,3.14,Não
RA-873,Aluno-873,1B,Ametista,2.91,Não
RA-72,Aluno-72,5,Ametista,2.86,Não
RA-767,Aluno-767,1L,Topázio,2.82,Não
RA-998,Aluno-998,ALFA,Ametista,2.6,Não
